"p1","p2","rep","rmse","method","time","iter"
0.84119491497986,0.835311350505799,1,43.4504383644102,"fCRN",1,1
0.84119491497986,0.835311350505799,2,41.6864771387272,"fCRN",2,1
0.84119491497986,0.835311350505799,3,59.8189512670781,"fCRN",3,1
0.84119491497986,0.835311350505799,4,20.5346844954271,"fCRN",4,1
0.84119491497986,0.835311350505799,5,42.0037716364039,"fCRN",5,1
0.84119491497986,0.835311350505799,6,32.277264168114,"fCRN",6,1
0.84119491497986,0.835311350505799,7,38.8557882075209,"fCRN",7,1
0.84119491497986,0.835311350505799,8,55.7100876088536,"fCRN",8,1
0.84119491497986,0.835311350505799,9,34.1202010370965,"fCRN",9,1
0.84119491497986,0.835311350505799,10,35.2962006762515,"fCRN",10,1
0.137404569331557,0.676820743642747,1,112.308979742018,"fCRN",11,1
0.137404569331557,0.676820743642747,2,112.669849780254,"fCRN",12,1
0.137404569331557,0.676820743642747,3,111.578902509159,"fCRN",13,1
0.137404569331557,0.676820743642747,4,112.590337766683,"fCRN",14,1
0.137404569331557,0.676820743642747,5,111.586799673555,"fCRN",15,1
0.137404569331557,0.676820743642747,6,110.696802926814,"fCRN",16,1
0.137404569331557,0.676820743642747,7,112.701963928174,"fCRN",17,1
0.137404569331557,0.676820743642747,8,111.245246866979,"fCRN",18,1
0.137404569331557,0.676820743642747,9,110.438684211181,"fCRN",19,1
0.137404569331557,0.676820743642747,10,109.033467475372,"fCRN",20,1
0.353968283999711,0.499539848417044,1,86.1557420093874,"fCRN",21,1
0.353968283999711,0.499539848417044,2,93.754366234959,"fCRN",22,1
0.353968283999711,0.499539848417044,3,56.562853849886,"fCRN",23,1
0.353968283999711,0.499539848417044,4,100.446872810585,"fCRN",24,1
0.353968283999711,0.499539848417044,5,64.819704252688,"fCRN",25,1
0.353968283999711,0.499539848417044,6,77.5991221752942,"fCRN",26,1
0.353968283999711,0.499539848417044,7,107.307322145968,"fCRN",27,1
0.353968283999711,0.499539848417044,8,69.9861372411751,"fCRN",28,1
0.353968283999711,0.499539848417044,9,76.7347882174199,"fCRN",29,1
0.353968283999711,0.499539848417044,10,74.1796721641194,"fCRN",30,1
0.543523701652884,0.198381218966097,1,66.4506069823055,"fCRN",31,1
0.543523701652884,0.198381218966097,2,85.6807914284292,"fCRN",32,1
0.543523701652884,0.198381218966097,3,91.9190883977925,"fCRN",33,1
0.543523701652884,0.198381218966097,4,56.7928317886532,"fCRN",34,1
0.543523701652884,0.198381218966097,5,71.3859264494725,"fCRN",35,1
0.543523701652884,0.198381218966097,6,77.3267466183225,"fCRN",36,1
0.543523701652884,0.198381218966097,7,51.8875402354281,"fCRN",37,1
0.543523701652884,0.198381218966097,8,98.7835918551354,"fCRN",38,1
0.543523701652884,0.198381218966097,9,65.1499413007038,"fCRN",39,1
0.543523701652884,0.198381218966097,10,90.5452679302152,"fCRN",40,1
0.676007035886869,0.355489044263959,1,84.5967721688371,"fCRN",41,1
0.676007035886869,0.355489044263959,2,80.9753660133136,"fCRN",42,1
0.676007035886869,0.355489044263959,3,87.0393105680325,"fCRN",43,1
0.676007035886869,0.355489044263959,4,42.1677461086218,"fCRN",44,1
0.676007035886869,0.355489044263959,5,68.9064511486478,"fCRN",45,1
0.676007035886869,0.355489044263959,6,84.0819378774521,"fCRN",46,1
0.676007035886869,0.355489044263959,7,72.3881178368411,"fCRN",47,1
0.676007035886869,0.355489044263959,8,77.0109288888066,"fCRN",48,1
0.676007035886869,0.355489044263959,9,68.7343861657625,"fCRN",49,1
0.676007035886869,0.355489044263959,10,78.1236009775725,"fCRN",50,1
0.854849896805827,0.81108806316508,4,27.7690261241043,"fCRN",51,2
0.820644575387705,0.837547056216281,4,24.1933220472751,"fCRN",52,2
0.810479591316544,0.491386282467283,4,65.6546620847701,"fCRN",53,2
0.890771516691893,0.753636968098581,4,21.8951145145204,"fCRN",54,2
0.795822052701842,0.159701621788554,4,142.865199914236,"fCRN",55,2
0.579815634603146,0.533270137268119,5,23.9760606678519,"fCRN",56,3
0.889937492262106,0.973574057451915,5,42.2854514690407,"fCRN",57,3
0.890771516691893,0.753636968098581,6,81.9792294389618,"fCRN",58,3
0.807845462299883,0.964183216358069,4,45.1116327119801,"fCRN",59,3
0.973900789336767,0.766896278487984,9,68.5277280007917,"fCRN",60,3
0.973900789336767,0.766896278487984,4,39.9621107679475,"fCRN",61,3
0.233993511069566,0.108121315238532,2,39.9013635341098,"fCRN",62,3
0.528803190689068,0.473730633719824,5,23.3085205174604,"fCRN",63,4
0.472218137544114,0.92420215893304,1,107.580225648095,"fCRN",64,4
0.400111495086458,0.9394030871219,4,112.256865983315,"fCRN",65,4
0.58333520805696,0.438648075503297,5,37.8159953584524,"fCRN",66,4
0.761411443257239,0.631933098623995,4,14.9692754641229,"fCRN",67,4
0.618374165692367,0.67276849841699,7,80.7455973112374,"fCRN",68,4
0.563515734092798,0.551478457069024,8,28.9789954659892,"fCRN",69,4
0.511548510170542,0.623483020521235,5,49.034843138162,"fCRN",70,4
0.579815634603146,0.533270137268119,4,47.1520607363365,"fCRN",71,4
0.761411443257239,0.631933098623995,1,44.5670037335042,"fCRN",72,5
0.761411443257239,0.631933098623995,8,62.5356927785015,"fCRN",73,5
0.761411443257239,0.631933098623995,7,19.144836183035,"fCRN",74,5
0.563515734092798,0.551478457069024,10,22.4212593599719,"fCRN",75,5
0.761411443257239,0.631933098623995,5,39.9114118026312,"fCRN",76,5
0.694150476253126,0.842109257506672,4,45.9761022727897,"fCRN",77,5
0.761411443257239,0.631933098623995,3,63.8150948963775,"fCRN",78,5
0.579815634603146,0.533270137268119,10,32.1116554515893,"fCRN",79,6
0.321763507137075,0.0181343520851806,1,60.1455330719984,"fCRN",80,6
0.528803190689068,0.473730633719824,4,30.1809723022455,"fCRN",81,6
0.563515734092798,0.551478457069024,5,26.307962879917,"fCRN",82,6
0.741771945357323,0.79493318728637,4,47.5260220539993,"fCRN",83,6
0.563515734092798,0.551478457069024,3,27.5265848097276,"fCRN",84,6
0.483472306777257,0.721314423205331,3,78.4481918968257,"fCRN",85,6
0.528803190689068,0.473730633719824,8,20.3167979078329,"fCRN",86,6
0.528803190689068,0.473730633719824,3,18.7021997964871,"fCRN",87,6
0.464056896127295,0.369960773715284,7,52.940654239319,"fCRN",88,7
0.528803190689068,0.473730633719824,9,27.6296225020169,"fCRN",89,7
0.41620410033036,0.381695767666679,5,27.9844369761353,"fCRN",90,7
0.528803190689068,0.473730633719824,2,33.3053678068938,"fCRN",91,7
0.579815634603146,0.533270137268119,7,49.7940312141371,"fCRN",92,7
0.128123050923459,0.317821821158286,3,95.7754696885346,"fCRN",93,7
0.563515734092798,0.551478457069024,9,45.3127744102309,"fCRN",94,7
0.464056896127295,0.369960773715284,3,19.2742068450287,"fCRN",95,7
0.528803190689068,0.473730633719824,10,17.9087345247292,"fCRN",96,7
0.528803190689068,0.473730633719824,6,27.4646487451245,"fCRN",97,7
0.233993511069566,0.108121315238532,1,30.8647641067664,"fCRN",98,8
0.58333520805696,0.438648075503297,10,36.1393069240473,"fCRN",99,8
0.353744868645445,0.286314202283975,3,22.8293280194968,"fCRN",100,8
0.333728667080868,0.22934691370232,6,15.1255472039137,"fCRN",101,8
0.464056896127295,0.369960773715284,5,22.6302609987443,"fCRN",102,8
0.00747635063482448,0.987929090238176,7,112.71461377486,"fCRN",103,8
0.464056896127295,0.369960773715284,10,13.3212403906151,"fCRN",104,8
0.923214921203908,0.991548316113185,4,39.2935134344055,"fCRN",105,8
0.94428750370862,0.651326899752021,4,68.8184582653506,"fCRN",106,8
0.22429713366786,0.945642638429999,5,112.45597598462,"fCRN",107,8
0.333728667080868,0.22934691370232,4,43.268674786984,"fCRN",108,9
0.333728667080868,0.22934691370232,9,37.6964163015558,"fCRN",109,9
0.333728667080868,0.22934691370232,10,17.221043999585,"fCRN",110,9
0.333728667080868,0.22934691370232,2,31.6659544821773,"fCRN",111,9
0.269239684713539,0.37510959698353,6,72.7779071035726,"fCRN",112,9
0.372678781289142,0.167621515295468,3,38.6261595038881,"fCRN",113,9
0.353744868645445,0.286314202283975,6,16.5008250618802,"fCRN",114,9
0.333728667080868,0.22934691370232,8,27.4260481807329,"fCRN",115,9
0.0522638079617172,0.711314165338408,1,112.675957005604,"fCRN",116,10
0.41620410033036,0.381695767666679,10,31.3842364417187,"fCRN",117,10
0.464056896127295,0.369960773715284,4,34.8321292447472,"fCRN",118,10
0.353744868645445,0.286314202283975,10,19.1479389062227,"fCRN",119,10
0.114425924671814,0.091567141325213,1,64.6747383618845,"fCRN",120,10
0.464056896127295,0.369960773715284,2,12.8575593206163,"fCRN",121,10
0.464056896127295,0.369960773715284,8,20.3357949059152,"fCRN",122,10
0.233993511069566,0.108121315238532,6,25.0674338061111,"fCRN",123,10
0.464056896127295,0.369960773715284,1,17.4284960695846,"fCRN",124,11
0.372678781289142,0.167621515295468,6,34.1584832830443,"fCRN",125,11
0.233993511069566,0.108121315238532,5,25.0555817776762,"fCRN",126,11
0.464056896127295,0.369960773715284,9,22.2136342041201,"fCRN",127,11
0.353744868645445,0.286314202283975,5,26.3634159958511,"fCRN",128,11
0.597058590063825,0.904758250387385,8,61.4660012277576,"fCRN",129,11
0.528803190689068,0.473730633719824,1,21.1833111969618,"fCRN",130,11
0.452779660294764,0.237875405077357,6,47.7045361813447,"fCRN",131,11
0.353744868645445,0.286314202283975,1,26.4532092047018,"fCRN",132,12
0.761411443257239,0.631933098623995,10,46.0998700627451,"fCRN",133,12
0.464056896127295,0.369960773715284,6,14.6250158669627,"fCRN",134,12
0.353744868645445,0.286314202283975,8,28.0884388323667,"fCRN",135,12
0.284369311104529,0.0456217678776011,6,49.6925199064554,"fCRN",136,12
0.233993511069566,0.108121315238532,4,48.4106812532724,"fCRN",137,12
0.333728667080868,0.22934691370232,3,12.3637124739543,"fCRN",138,13
0.889937492262106,0.973574057451915,10,45.4189518606365,"fCRN",139,13
0.360622140523046,0.741090292686131,5,102.50757035555,"fCRN",140,13
0.41620410033036,0.381695767666679,6,19.6964589469657,"fCRN",141,13
0.333728667080868,0.22934691370232,1,29.4470493067011,"fCRN",142,13
0.685239860778674,0.883171446716879,6,76.1808036941404,"fCRN",143,13
0.452779660294764,0.237875405077357,2,32.0903736221304,"fCRN",144,13
0.563515734092798,0.551478457069024,1,21.881996759396,"fCRN",145,13
0.41620410033036,0.381695767666679,3,33.4622589237073,"fCRN",146,14
0.333728667080868,0.22934691370232,5,14.8394043274007,"fCRN",147,14
0.353744868645445,0.286314202283975,2,38.0893945895445,"fCRN",148,14
0.233993511069566,0.108121315238532,9,38.3724581510548,"fCRN",149,14
0.233993511069566,0.108121315238532,10,20.6059205180463,"fCRN",150,14
0.41620410033036,0.381695767666679,8,36.6664116402772,"fCRN",151,14
0.333728667080868,0.22934691370232,7,54.3976921467362,"fCRN",152,15
0.41620410033036,0.381695767666679,1,33.0759701593196,"fCRN",153,15
0.41620410033036,0.381695767666679,2,39.5341687031548,"fCRN",154,15
0.389810180847999,0.202828839558642,5,20.4031156619001,"fCRN",155,15
0.904946545260027,0.183080524487887,6,183.270967490087,"fCRN",156,15
0.233993511069566,0.108121315238532,3,24.505000499999,"fCRN",157,15
0.934925961208064,0.0546155184064992,4,205.47573391455,"fCRN",158,15
0.372678781289142,0.167621515295468,10,36.4566744082739,"fCRN",159,15
0.284369311104529,0.0456217678776011,3,44.620512088163,"fCRN",160,16
0.372678781289142,0.167621515295468,5,31.7343553098325,"fCRN",161,16
0.233993511069566,0.108121315238532,8,23.7641047226132,"fCRN",162,16
0.563515734092798,0.551478457069024,6,29.4420054202888,"fCRN",163,16
0.390991691031959,0.42118902558228,3,38.0209686805313,"fCRN",164,16
0.389810180847999,0.202828839558642,3,33.9844169298137,"fCRN",165,16
0.389810180847999,0.202828839558642,10,32.9651781475094,"fCRN",166,16
0.511548510170542,0.623483020521235,10,56.8675724123969,"fCRN",167,16
0.579815634603146,0.533270137268119,3,33.3668478381382,"fCRN",168,17
0.757968360839877,0.528316717150155,7,50.8385135054669,"fCRN",169,17
0.389810180847999,0.202828839558642,6,33.981649095468,"fCRN",170,17
0.428413517167792,0.197199139883742,5,39.0140873262593,"fCRN",171,17
0.579815634603146,0.533270137268119,1,22.336091647802,"fCRN",172,17
0.233993511069566,0.108121315238532,7,67.7827776835314,"fCRN",173,17
0.757968360839877,0.528316717150155,4,33.7335218299173,"fCRN",174,17
0.58333520805696,0.438648075503297,1,41.6073108579692,"fCRN",175,17
0.889937492262106,0.973574057451915,1,45.828349564024,"fCRN",176,18
0.284369311104529,0.0456217678776011,8,38.4927664543214,"fCRN",177,18
0.579815634603146,0.533270137268119,8,23.2347043266859,"fCRN",178,18
0.284369311104529,0.0456217678776011,10,36.4053091547574,"fCRN",179,18
0.597058590063825,0.904758250387385,4,101.978982497803,"fCRN",180,18
0.67429624407785,0.034527200628072,2,170.898383332735,"fCRN",181,18
0.741771945357323,0.79493318728637,7,74.1415558039464,"fCRN",182,18
0.390991691031959,0.42118902558228,6,59.0332177005388,"fCRN",183,18
0.761411443257239,0.631933098623995,6,44.671740020237,"fCRN",184,18
0.923214921203908,0.991548316113185,8,55.8784040538378,"fCRN",185,19
0.014706784975715,0.396035880676936,3,109.318048114501,"fCRN",186,19
0.114425924671814,0.091567141325213,8,52.5668833746378,"fCRN",187,19
0.452779660294764,0.237875405077357,5,48.084187722274,"fCRN",188,19
0.579815634603146,0.533270137268119,6,27.141543182668,"fCRN",189,19
0.889937492262106,0.973574057451915,9,40.3154639519796,"fCRN",190,19
0.761411443257239,0.631933098623995,2,39.1592331967118,"fCRN",191,19
0.353744868645445,0.286314202283975,9,32.1418575987915,"fCRN",192,19
0.58333520805696,0.438648075503297,8,42.920257627972,"fCRN",193,20
0.923214921203908,0.991548316113185,6,40.9627940337266,"fCRN",194,20
0.579815634603146,0.533270137268119,2,23.6144778548338,"fCRN",195,20
0.553703570659272,0.687810175402556,1,68.7262470218109,"fCRN",196,20
0.807845462299883,0.964183216358069,6,52.6966848488537,"fCRN",197,20
0.889937492262106,0.973574057451915,2,43.5441053290901,"fCRN",198,20
0.452779660294764,0.237875405077357,1,37.6648850304423,"fCRN",199,20
0.761411443257239,0.631933098623995,9,30.4567539535345,"fCRN",200,21
0.563515734092798,0.551478457069024,2,37.5634117325636,"fCRN",201,21
0.889937492262106,0.973574057451915,4,34.3035373287847,"fCRN",202,21
0.649284832263365,0.66230466414243,5,33.9479800066904,"fCRN",203,21
0.661091009634547,0.483332779845223,4,14.0031820994691,"fCRN",204,22
0.372678781289142,0.167621515295468,8,21.0129615822103,"fCRN",205,22
0.58333520805696,0.438648075503297,6,36.222360579352,"fCRN",206,22
0.854849896805827,0.81108806316508,10,49.1352951321428,"fCRN",207,22
0.980684466371313,0.34400449746754,2,173.566890121747,"fCRN",208,22
0.58333520805696,0.438648075503297,3,48.2990888133308,"fCRN",209,22
0.649284832263365,0.66230466414243,4,42.5918925023377,"fCRN",210,22
0.579815634603146,0.533270137268119,9,41.3256806500282,"fCRN",211,22
0.389810180847999,0.202828839558642,2,22.5724356569057,"fCRN",212,22
0.432986525420565,0.601922095350455,3,58.0700328299484,"fCRN",213,22
0.661091009634547,0.483332779845223,8,53.3960542911308,"fCRN",214,23
0.625069394970778,0.456814425147604,4,14.3675238845898,"fCRN",215,23
0.661091009634547,0.483332779845223,2,40.4064743366311,"fCRN",216,23
0.389810180847999,0.202828839558642,8,36.4604763632301,"fCRN",217,23
0.661091009634547,0.483332779845223,10,54.4249869813562,"fCRN",218,23
0.528803190689068,0.473730633719824,7,60.5603373128448,"fCRN",219,23
0.41620410033036,0.381695767666679,9,45.8015521376495,"fCRN",220,23
0.633817163517233,0.401693109145854,4,24.0823669110743,"fCRN",221,24
0.58333520805696,0.438648075503297,4,16.9874735445193,"fCRN",222,24
0.372678781289142,0.167621515295468,2,20.6534344949125,"fCRN",223,24
0.923214921203908,0.991548316113185,1,47.0497945618983,"fCRN",224,24
0.214692509423476,0.501718000823166,3,100.070519689323,"fCRN",225,24
0.452779660294764,0.237875405077357,8,45.8315901258657,"fCRN",226,25
0.890771516691893,0.753636968098581,9,55.094787807599,"fCRN",227,25
0.563515734092798,0.551478457069024,4,46.171226735033,"fCRN",228,25
0.452779660294764,0.237875405077357,9,32.9914480367921,"fCRN",229,25
0.661091009634547,0.483332779845223,1,49.1260250441012,"fCRN",230,25
0.854849896805827,0.81108806316508,7,33.0149980919264,"fCRN",231,25
0.890771516691893,0.753636968098581,7,39.1535439009038,"fCRN",232,25
0.661091009634547,0.483332779845223,6,62.1641073097954,"fCRN",233,26
0.661091009634547,0.483332779845223,5,31.1225619348109,"fCRN",234,26
0.0330644325888716,0.265783539440017,8,102.215749304794,"fCRN",235,26
0.428413517167792,0.197199139883742,2,37.1083508522044,"fCRN",236,26
0.757968360839877,0.528316717150155,1,74.1526389374386,"fCRN",237,26
0.389810180847999,0.202828839558642,1,19.2479907656579,"fCRN",238,26
0.625069394970778,0.456814425147604,6,41.3170547099015,"fCRN",239,26
0.854849896805827,0.81108806316508,9,43.9929112201473,"fCRN",240,26
0.372678781289142,0.167621515295468,1,29.0530412852216,"fCRN",241,26
0.389810180847999,0.202828839558642,9,21.9098061141671,"fCRN",242,27
0.372678781289142,0.167621515295468,9,26.1817713020882,"fCRN",243,27
0.625069394970778,0.456814425147604,5,27.5930469072149,"fCRN",244,27
0.649284832263365,0.66230466414243,1,29.5715276494934,"fCRN",245,27
0.58333520805696,0.438648075503297,2,31.2516138197155,"fCRN",246,27
0.344178562583402,0.918540015022736,9,109.061477803091,"fCRN",247,27
0.511548510170542,0.623483020521235,8,51.481131793047,"fCRN",248,28
0.443691894623917,0.137254052725621,4,37.0549498303627,"fCRN",249,28
0.443691894623917,0.137254052725621,9,54.9170391419531,"fCRN",250,28
0.428413517167792,0.197199139883742,1,35.893406548604,"fCRN",251,28
0.284369311104529,0.0456217678776011,5,41.8736903149706,"fCRN",252,28
0.649284832263365,0.66230466414243,2,45.7109948426519,"fCRN",253,28
0.452779660294764,0.237875405077357,10,37.1622079937441,"fCRN",254,28
0.428413517167792,0.197199139883742,9,29.1377744687219,"fCRN",255,28
0.923214921203908,0.991548316113185,7,57.4443337949751,"fCRN",256,29
0.741771945357323,0.79493318728637,5,40.2027042093262,"fCRN",257,29
0.889937492262106,0.973574057451915,7,44.586549496901,"fCRN",258,29
0.389810180847999,0.202828839558642,4,27.2189508822201,"fCRN",259,29
0.0248614910431206,0.560638024667278,4,112.605769860787,"fCRN",260,29
0.114425924671814,0.091567141325213,10,59.6863086942437,"fCRN",261,29
0.372678781289142,0.167621515295468,4,25.2184515192686,"fCRN",262,29
0.452779660294764,0.237875405077357,3,51.1722000641553,"fCRN",263,30
0.353744868645445,0.286314202283975,4,60.4482431424595,"fCRN",264,30
0.452779660294764,0.237875405077357,4,30.202780017609,"fCRN",265,30
0.889937492262106,0.973574057451915,6,39.0797610378093,"fCRN",266,30
0.625069394970778,0.456814425147604,10,45.7142437234602,"fCRN",267,30
0.854849896805827,0.81108806316508,2,38.2182373137006,"fCRN",268,30
0.661091009634547,0.483332779845223,9,41.6763817057,"fCRN",269,30
0.428413517167792,0.197199139883742,4,25.3107420548339,"fCRN",270,31
0.807845462299883,0.964183216358069,2,72.7022954409023,"fCRN",271,31
0.269239684713539,0.37510959698353,5,71.8285913453234,"fCRN",272,31
0.649284832263365,0.66230466414243,10,37.4598134507151,"fCRN",273,31
0.854849896805827,0.81108806316508,5,37.3115064671943,"fCRN",274,31
0.820644575387705,0.837547056216281,10,28.7522706808859,"fCRN",275,31
0.820644575387705,0.837547056216281,9,29.7863680695092,"fCRN",276,31
0.889937492262106,0.973574057451915,3,51.6150066442996,"fCRN",277,32
0.625069394970778,0.456814425147604,9,20.0516659390359,"fCRN",278,32
0.685239860778674,0.883171446716879,5,61.4189476359932,"fCRN",279,32
0.390991691031959,0.42118902558228,10,52.1768698042941,"fCRN",280,32
0.649284832263365,0.66230466414243,8,38.6933872621897,"fCRN",281,32
0.820644575387705,0.837547056216281,5,42.8708629617962,"fCRN",282,32
0.321763507137075,0.0181343520851806,2,48.6640331128841,"fCRN",283,32
0.625069394970778,0.456814425147604,2,30.8747068771912,"fCRN",284,32
0.973900789336767,0.766896278487984,2,81.5216669249214,"fCRN",285,32
0.511548510170542,0.623483020521235,1,70.5669403425353,"fCRN",286,33
0.58333520805696,0.438648075503297,9,18.7693134853908,"fCRN",287,33
0.890771516691893,0.753636968098581,1,62.6901858821665,"fCRN",288,33
0.995421304244082,0.583843038920313,1,129.897179444832,"fCRN",289,33
0.176894134124741,0.875549006231595,3,112.282661348954,"fCRN",290,33
0.114425924671814,0.091567141325213,6,66.8047250359487,"fCRN",291,33
0.428413517167792,0.197199139883742,10,40.8099919816772,"fCRN",292,34
0.625069394970778,0.456814425147604,1,50.7771290216685,"fCRN",293,34
0.807845462299883,0.964183216358069,8,53.1565034721636,"fCRN",294,34
0.649284832263365,0.66230466414243,6,32.4972199877265,"fCRN",295,34
0.633817163517233,0.401693109145854,9,55.8015401327608,"fCRN",296,34
0.712576212608255,0.110464608869515,8,162.163497742248,"fCRN",297,34
0.649284832263365,0.66230466414243,9,45.5873658022931,"fCRN",298,34
0.741771945357323,0.79493318728637,9,34.9181504052373,"fCRN",299,35
0.869103703042492,0.351426040821243,10,136.976763224155,"fCRN",300,35
0.741771945357323,0.79493318728637,2,37.7496967399792,"fCRN",301,35
0.649284832263365,0.66230466414243,3,39.2430860404759,"fCRN",302,35
0.618374165692367,0.67276849841699,1,32.3203335440097,"fCRN",303,35
0.432986525420565,0.601922095350455,1,83.9981140759531,"fCRN",304,35
0.389810180847999,0.202828839558642,7,39.0229686109081,"fCRN",305,35
0.196737122328486,0.330948578554671,10,84.9438952870343,"fCRN",306,35
0.618374165692367,0.67276849841699,10,40.6656251557373,"fCRN",307,35
0.618374165692367,0.67276849841699,5,36.3402512565081,"fCRN",308,36
0.820644575387705,0.837547056216281,2,28.3264212108389,"fCRN",309,36
0.661091009634547,0.483332779845223,7,29.3087017795057,"fCRN",310,36
0.820644575387705,0.837547056216281,7,40.9863536816684,"fCRN",311,36
0.625069394970778,0.456814425147604,8,42.6191980169027,"fCRN",312,36
0.618374165692367,0.67276849841699,6,40.4255825285459,"fCRN",313,36
0.41620410033036,0.381695767666679,4,49.6174474263732,"fCRN",314,36
0.820644575387705,0.837547056216281,6,60.3742453778968,"fCRN",315,36
0.625069394970778,0.456814425147604,3,47.818862014444,"fCRN",316,37
0.741771945357323,0.79493318728637,10,41.4016788294991,"fCRN",317,37
0.256561623155139,0.779785540627781,3,109.921934495206,"fCRN",318,37
0.807845462299883,0.964183216358069,5,48.3792771281831,"fCRN",319,37
0.284369311104529,0.0456217678776011,1,37.112619614539,"fCRN",320,37
0.58333520805696,0.438648075503297,7,29.1187395005177,"fCRN",321,37
0.685239860778674,0.883171446716879,10,51.8149792937131,"fCRN",322,37
0.114425924671814,0.091567141325213,5,64.0049503036002,"fCRN",323,37
0.284369311104529,0.0456217678776011,9,37.7144035830313,"fCRN",324,37
0.923214921203908,0.991548316113185,10,43.0128923799724,"fCRN",325,38
0.284369311104529,0.0456217678776011,2,33.3451794132077,"fCRN",326,38
0.321763507137075,0.0181343520851806,8,62.0102195346273,"fCRN",327,38
0.741771945357323,0.79493318728637,6,43.9867216687982,"fCRN",328,38
0.625069394970778,0.456814425147604,7,30.0618174980677,"fCRN",329,38
0.428413517167792,0.197199139883742,3,62.5425004012123,"fCRN",330,38
0.820644575387705,0.837547056216281,1,40.5970295943088,"fCRN",331,38
0.428413517167792,0.197199139883742,6,44.6869196978177,"fCRN",332,38
0.0470246251253411,0.801650276386645,3,112.490351621465,"fCRN",333,38
0.321763507137075,0.0181343520851806,9,44.0025876826838,"fCRN",334,39
0.321763507137075,0.0181343520851806,4,45.0026401865755,"fCRN",335,39
0.741771945357323,0.79493318728637,1,42.4472882199526,"fCRN",336,39
0.661091009634547,0.483332779845223,3,63.9093572225074,"fCRN",337,39
0.807845462299883,0.964183216358069,9,49.2138191974571,"fCRN",338,39
0.196737122328486,0.330948578554671,6,83.6430416462815,"fCRN",339,39
0.726761640508193,0.302692937797401,4,78.3546772410209,"fCRN",340,39
0.284369311104529,0.0456217678776011,4,32.9938488116488,"fCRN",341,39
0.542672120830975,0.0649500164482743,7,111.358799285094,"fCRN",342,39
0.923214921203908,0.991548316113185,9,33.1887789697806,"fCRN",343,39
0.807845462299883,0.964183216358069,10,49.3947525974006,"fCRN",344,40
0.694150476253126,0.842109257506672,2,71.6067367813619,"fCRN",345,40
0.685239860778674,0.883171446716879,3,57.9541471192255,"fCRN",346,40
0.372678781289142,0.167621515295468,7,49.0598745119544,"fCRN",347,40
0.923214921203908,0.991548316113185,3,37.1679357180965,"fCRN",348,40
0.694150476253126,0.842109257506672,9,54.157178656204,"fCRN",349,40
0.618374165692367,0.67276849841699,2,34.1226674755003,"fCRN",350,40
0.532571700213011,0.951812318228185,5,100.115576774403,"fCRN",351,40
0.854849896805827,0.81108806316508,1,52.346238765276,"fCRN",352,40
0.563515734092798,0.551478457069024,7,61.8925930084282,"fCRN",353,40
0.854849896805827,0.81108806316508,8,45.9566088934997,"fCRN",354,41
0.923214921203908,0.991548316113185,5,43.4433738638387,"fCRN",355,41
0.618374165692367,0.67276849841699,8,51.0765296509867,"fCRN",356,41
0.618374165692367,0.67276849841699,3,40.061833396008,"fCRN",357,41
0.633817163517233,0.401693109145854,5,50.7386040465646,"fCRN",358,41
0.741771945357323,0.79493318728637,3,35.7283480094609,"fCRN",359,41
0.114425924671814,0.091567141325213,9,69.1065327685243,"fCRN",360,42
0.694150476253126,0.842109257506672,1,52.2568864190914,"fCRN",361,42
0.428413517167792,0.197199139883742,8,47.9826701389509,"fCRN",362,42
0.741771945357323,0.79493318728637,8,43.4300393372109,"fCRN",363,42
0.890771516691893,0.753636968098581,5,67.8122042814194,"fCRN",364,42
0.633817163517233,0.401693109145854,7,34.2498102907227,"fCRN",365,42
0.472218137544114,0.92420215893304,7,112.680174752164,"fCRN",366,42
0.443691894623917,0.137254052725621,2,64.2423474658328,"fCRN",367,43
0.114425924671814,0.091567141325213,3,54.8407234680128,"fCRN",368,43
0.309692088053562,0.856247141896747,10,106.679449522835,"fCRN",369,43
0.973900789336767,0.766896278487984,8,79.5886702718645,"fCRN",370,43
0.633817163517233,0.401693109145854,2,51.0018442687309,"fCRN",371,43
0.820644575387705,0.837547056216281,8,64.8590245787503,"fCRN",372,43
0.973900789336767,0.766896278487984,3,96.0630465417951,"fCRN",373,43
0.854849896805827,0.81108806316508,3,51.107923084197,"fCRN",374,43
0.114425924671814,0.091567141325213,2,83.2613682661086,"fCRN",375,43
0.452779660294764,0.237875405077357,7,26.1575576417635,"fCRN",376,43
0.511548510170542,0.623483020521235,3,57.3790592084217,"fCRN",377,44
0.890771516691893,0.753636968098581,10,69.2658817617853,"fCRN",378,44
0.923214921203908,0.991548316113185,2,41.0483897008117,"fCRN",379,44
0.618374165692367,0.67276849841699,4,59.6249831351036,"fCRN",380,44
0.757968360839877,0.528316717150155,5,51.6850707134417,"fCRN",381,44
0.428413517167792,0.197199139883742,7,30.2085162734873,"fCRN",382,44
0.321763507137075,0.0181343520851806,10,60.9434082563569,"fCRN",383,44
0.390991691031959,0.42118902558228,5,42.6707403170829,"fCRN",384,44
0.807845462299883,0.964183216358069,3,53.0214789280983,"fCRN",385,45
0.889937492262106,0.973574057451915,8,54.8931455260361,"fCRN",386,45
0.532571700213011,0.951812318228185,8,96.1543210955521,"fCRN",387,45
0.114425924671814,0.091567141325213,4,88.1176081795638,"fCRN",388,45
0.269239684713539,0.37510959698353,3,72.5505627711863,"fCRN",389,45
0.836950122462586,0.00822793305618688,7,199.641163238962,"fCRN",390,45
0.321763507137075,0.0181343520851806,5,68.2431587257748,"fCRN",391,45
0.316598210257944,0.413117723744363,3,64.3750612803707,"fCRN",392,45
0.269239684713539,0.37510959698353,10,72.1848562050693,"fCRN",393,45
0.694150476253126,0.842109257506672,10,52.0056166045153,"fCRN",394,45
0.390991691031959,0.42118902558228,8,43.4905247447563,"fCRN",395,46
0.0330644325888716,0.265783539440017,7,111.72677068245,"fCRN",396,46
0.553703570659272,0.687810175402556,5,49.5501546090643,"fCRN",397,46
0.390991691031959,0.42118902558228,1,59.7973475354654,"fCRN",398,46
0.00747635063482448,0.987929090238176,4,112.717117222059,"fCRN",399,46
0.162321611484513,0.512408115961589,10,101.168617213595,"fCRN",400,46
0.432986525420565,0.601922095350455,6,72.6460291038296,"fCRN",401,46
0.0330644325888716,0.265783539440017,9,101.338663660398,"fCRN",402,46
0.504773137096781,0.787707370428834,10,91.2359035632897,"fCRN",403,46
0.854849896805827,0.81108806316508,6,40.290774808304,"fCRN",404,46
0.973900789336767,0.766896278487984,7,81.6416342048808,"fCRN",405,47
0.432986525420565,0.601922095350455,8,67.9364146510806,"fCRN",406,47
0.694150476253126,0.842109257506672,8,63.5997695991841,"fCRN",407,47
0.553703570659272,0.687810175402556,2,85.1459434334268,"fCRN",408,47
0.353744868645445,0.286314202283975,7,85.467439228731,"fCRN",409,47
0.757968360839877,0.528316717150155,9,45.7362217525455,"fCRN",410,47
0.553703570659272,0.687810175402556,10,56.3705034868976,"fCRN",411,47
0.807845462299883,0.964183216358069,1,49.2284028134608,"fCRN",412,48
0.820644575387705,0.837547056216281,3,53.0156898128906,"fCRN",413,48
0.649284832263365,0.66230466414243,7,66.5036290232896,"fCRN",414,48
0.22429713366786,0.945642638429999,7,112.700997562068,"fCRN",415,48
0.432986525420565,0.601922095350455,10,72.6926937372132,"fCRN",416,48
0.757968360839877,0.528316717150155,2,75.5283043135171,"fCRN",417,48
0.443691894623917,0.137254052725621,1,75.2332347035563,"fCRN",418,49
0.618374165692367,0.67276849841699,9,36.2101949431618,"fCRN",419,49
0.685239860778674,0.883171446716879,1,55.5230752137174,"fCRN",420,49
0.597058590063825,0.904758250387385,1,90.0576273150907,"fCRN",421,49
0.321763507137075,0.0181343520851806,3,65.2110055705688,"fCRN",422,49
0.443691894623917,0.137254052725621,7,38.699016284476,"fCRN",423,49
0.890771516691893,0.753636968098581,2,64.2144458008083,"fCRN",424,49
0.284369311104529,0.0456217678776011,7,42.5559619911253,"fCRN",425,49
0.472218137544114,0.92420215893304,5,104.342258604523,"fCRN",426,49
0.0632216805662029,0.465101252065506,2,112.642121449982,"fCRN",427,49
0.685239860778674,0.883171446716879,8,73.3671089335495,"fCRN",428,50
0.162321611484513,0.512408115961589,6,102.277094016187,"fCRN",429,50
0.014706784975715,0.396035880676936,1,111.083101530091,"fCRN",430,50
0.770504396595061,0.259292539197486,3,143.78094587267,"fCRN",431,50
0.128123050923459,0.317821821158286,5,99.5060573309211,"fCRN",432,50
0.807845462299883,0.964183216358069,7,83.2321101403529,"fCRN",433,50
0.810479591316544,0.491386282467283,9,81.535268442558,"fCRN",434,50
0.685239860778674,0.883171446716879,9,59.4456237095534,"fCRN",435,50
0.694150476253126,0.842109257506672,3,52.6815578229561,"fCRN",436,50
0.553703570659272,0.687810175402556,8,51.9516149607469,"fCRN",437,51
0.298864587505814,0.894719307308551,8,110.644421995923,"fCRN",438,51
0.0470246251253411,0.801650276386645,5,112.560962580416,"fCRN",439,51
0.757968360839877,0.528316717150155,6,81.9241378131967,"fCRN",440,51
0.20147322899662,0.64143626942765,8,107.896953039683,"fCRN",441,51
0.321763507137075,0.0181343520851806,7,47.0427444137797,"fCRN",442,51
0.694150476253126,0.842109257506672,6,44.7861806833092,"fCRN",443,51
0.00747635063482448,0.987929090238176,6,112.676132748196,"fCRN",444,51
0.597058590063825,0.904758250387385,5,88.7245710327781,"fCRN",445,51
0.694150476253126,0.842109257506672,5,49.7047719684503,"fCRN",446,52
0.511548510170542,0.623483020521235,6,68.7997524748023,"fCRN",447,52
0.321763507137075,0.0181343520851806,6,70.8303649154754,"fCRN",448,52
0.553703570659272,0.687810175402556,3,51.090872254472,"fCRN",449,52
0.0632216805662029,0.465101252065506,8,108.959707331574,"fCRN",450,52
0.553703570659272,0.687810175402556,6,54.6539065845297,"fCRN",451,52
0.443691894623917,0.137254052725621,8,69.8472165756542,"fCRN",452,52
0.256561623155139,0.779785540627781,2,112.63886918593,"fCRN",453,52
0.472218137544114,0.92420215893304,3,104.325651611473,"fCRN",454,53
0.269239684713539,0.37510959698353,1,88.0212058157994,"fCRN",455,53
0.344178562583402,0.918540015022736,3,110.401293219574,"fCRN",456,53
0.014706784975715,0.396035880676936,5,109.532535064353,"fCRN",457,53
0.633817163517233,0.401693109145854,10,51.6315967424814,"fCRN",458,53
0.00747635063482448,0.987929090238176,2,112.706883481704,"fCRN",459,53
0.316598210257944,0.413117723744363,10,69.3718635005905,"fCRN",460,53
0.014706784975715,0.396035880676936,10,106.812735177223,"fCRN",461,53
0.810479591316544,0.491386282467283,7,88.9690122936905,"fCRN",462,53
0.532571700213011,0.951812318228185,9,98.47234119385,"fCRN",463,54
0.633817163517233,0.401693109145854,6,80.2168471971906,"fCRN",464,54
0.443691894623917,0.137254052725621,5,66.6018166433771,"fCRN",465,54
0.432986525420565,0.601922095350455,5,54.7943951748193,"fCRN",466,54
0.633817163517233,0.401693109145854,8,69.8208457056308,"fCRN",467,54
0.532571700213011,0.951812318228185,6,89.2390271148002,"fCRN",468,54
0.390991691031959,0.42118902558228,9,61.2448421752339,"fCRN",469,54
0.390991691031959,0.42118902558228,2,67.2321233923307,"fCRN",470,55
0.965870351414196,0.248367322697304,3,182.118610028772,"fCRN",471,55
0.890771516691893,0.753636968098581,3,69.3275337127542,"fCRN",472,55
0.836950122462586,0.00822793305618688,10,205.409419703601,"fCRN",473,55
0.965870351414196,0.248367322697304,8,184.831419042723,"fCRN",474,55
0.633817163517233,0.401693109145854,1,39.5438095191539,"fCRN",475,55
0.214692509423476,0.501718000823166,9,99.2635256514319,"fCRN",476,55
0.0470246251253411,0.801650276386645,9,112.082271763042,"fCRN",477,55
0.22429713366786,0.945642638429999,1,112.668004366461,"fCRN",478,55
0.633817163517233,0.401693109145854,3,72.7382394971759,"fCRN",479,56
0.316598210257944,0.413117723744363,8,57.9056932169082,"fCRN",480,56
0.256561623155139,0.779785540627781,9,109.217105975318,"fCRN",481,56
0.360622140523046,0.741090292686131,6,94.9356217508882,"fCRN",482,56
0.657619738616049,0.0793290982884355,1,152.416476072037,"fCRN",483,56
0.41620410033036,0.381695767666679,7,80.7942013407957,"fCRN",484,56
0.196737122328486,0.330948578554671,9,84.7771102116697,"fCRN",485,56
0.973900789336767,0.766896278487984,10,88.7389652880629,"fCRN",486,56
0.890771516691893,0.753636968098581,8,70.1115800946344,"fCRN",487,56
0.196737122328486,0.330948578554671,5,88.1778131542922,"fCRN",488,57
0.0330644325888716,0.265783539440017,1,106.088838169519,"fCRN",489,57
0.553703570659272,0.687810175402556,9,50.4659477389271,"fCRN",490,57
0.757968360839877,0.528316717150155,8,72.4096569239323,"fCRN",491,57
0.973900789336767,0.766896278487984,5,77.2801256584264,"fCRN",492,57
0.196737122328486,0.330948578554671,3,80.2081450642855,"fCRN",493,57
0.443691894623917,0.137254052725621,6,72.0407612892084,"fCRN",494,57
0.94428750370862,0.651326899752021,7,89.5005946105587,"fCRN",495,57
0.597058590063825,0.904758250387385,10,88.8755387389501,"fCRN",496,57
0.22429713366786,0.945642638429999,10,111.052079478214,"fCRN",497,57
0.0248614910431206,0.560638024667278,5,111.96043325149,"fCRN",498,58
0.685239860778674,0.883171446716879,4,74.2812423852552,"fCRN",499,58
0.0632216805662029,0.465101252065506,7,112.692519540545,"fCRN",500,58
0.973900789336767,0.766896278487984,1,83.6100685584962,"fCRN",501,58
0.432986525420565,0.601922095350455,9,70.7327280110218,"fCRN",502,58
0.757968360839877,0.528316717150155,10,76.4048622163343,"fCRN",503,58
0.504773137096781,0.787707370428834,5,80.035450066372,"fCRN",504,58
0.316598210257944,0.413117723744363,6,67.0222365936844,"fCRN",505,58
0.810479591316544,0.491386282467283,5,94.96752962549,"fCRN",506,58
0.214692509423476,0.501718000823166,8,97.8846057335062,"fCRN",507,59
0.0330644325888716,0.265783539440017,10,98.8298868493406,"fCRN",508,59
0.014706784975715,0.396035880676936,4,111.673409973232,"fCRN",509,59
0.114425924671814,0.091567141325213,7,103.884837228253,"fCRN",510,59
0.269239684713539,0.37510959698353,8,63.1387753325565,"fCRN",511,59
0.0632216805662029,0.465101252065506,9,107.771806963777,"fCRN",512,59
0.00747635063482448,0.987929090238176,5,112.659216267028,"fCRN",513,59
0.0522638079617172,0.711314165338408,2,112.70227140656,"fCRN",514,59
0.726761640508193,0.302692937797401,5,107.461621056078,"fCRN",515,59
0.757968360839877,0.528316717150155,3,76.2774378486357,"fCRN",516,60
0.504773137096781,0.787707370428834,3,89.4819523813612,"fCRN",517,60
0.316598210257944,0.413117723744363,5,52.404557280473,"fCRN",518,60
0.176894134124741,0.875549006231595,6,111.490842318067,"fCRN",519,60
0.511548510170542,0.623483020521235,9,54.5841162113509,"fCRN",520,60
0.504773137096781,0.787707370428834,9,86.4246366598216,"fCRN",521,60
0.995421304244082,0.583843038920313,4,94.9376032710511,"fCRN",522,60
0.0330644325888716,0.265783539440017,6,98.9864477172667,"fCRN",523,60
0.443691894623917,0.137254052725621,10,68.0529060349518,"fCRN",524,60
0.597058590063825,0.904758250387385,3,79.5288726448352,"fCRN",525,61
0.597058590063825,0.904758250387385,2,99.379909119669,"fCRN",526,61
0.270831138978247,0.823538842406124,1,111.813936678947,"fCRN",527,61
0.400111495086458,0.9394030871219,8,107.738866553981,"fCRN",528,61
0.316598210257944,0.413117723744363,9,65.8426717694731,"fCRN",529,61
0.483472306777257,0.721314423205331,6,84.3587929062173,"fCRN",530,61
0.0470246251253411,0.801650276386645,10,112.031245641562,"fCRN",531,61
0.483472306777257,0.721314423205331,9,82.2861464706551,"fCRN",532,61
0.511548510170542,0.623483020521235,2,88.5769788834481,"fCRN",533,61
0.597058590063825,0.904758250387385,6,87.339499190297,"fCRN",534,61
0.499543781368993,0.738978484920226,8,79.549598451918,"fCRN",535,62
0.499543781368993,0.738978484920226,5,77.9720691296341,"fCRN",536,62
0.180711540239863,0.577027787433471,1,110.079539200049,"fCRN",537,62
0.162321611484513,0.512408115961589,7,112.668795261787,"fCRN",538,62
0.20147322899662,0.64143626942765,5,109.459699170856,"fCRN",539,62
0.0330644325888716,0.265783539440017,3,101.667434937313,"fCRN",540,62
0.0713222817215137,0.542213059277274,6,109.120153595897,"fCRN",541,62
0.504773137096781,0.787707370428834,8,73.3658943613826,"fCRN",542,62
0.597058590063825,0.904758250387385,9,80.4379103765294,"fCRN",543,62
0.316598210257944,0.413117723744363,1,79.2778045674179,"fCRN",544,62
0.256561623155139,0.779785540627781,6,108.302381971008,"fCRN",545,63
0.685239860778674,0.883171446716879,2,90.846895466172,"fCRN",546,63
0.542672120830975,0.0649500164482743,4,95.6555805952267,"fCRN",547,63
0.360622140523046,0.741090292686131,8,99.3799589334981,"fCRN",548,63
0.22429713366786,0.945642638429999,4,112.636759559037,"fCRN",549,63
0.309692088053562,0.856247141896747,4,112.186504897818,"fCRN",550,63
0.360622140523046,0.741090292686131,3,103.418117033202,"fCRN",551,63
0.128123050923459,0.317821821158286,8,94.0231170226422,"fCRN",552,63
0.00747635063482448,0.987929090238176,1,112.702491033466,"fCRN",553,63
0.973900789336767,0.766896278487984,6,108.407737840813,"fCRN",554,63
0.995421304244082,0.583843038920313,3,135.968691795262,"fCRN",555,64
0.0248614910431206,0.560638024667278,7,112.700953636139,"fCRN",556,64
0.149252299352083,0.445070356025826,9,101.766914812699,"fCRN",557,64
0.086588776090648,0.591850699645001,3,111.218765778919,"fCRN",558,64
0.483472306777257,0.721314423205331,5,79.1183472482024,"fCRN",559,64
0.196737122328486,0.330948578554671,8,70.0590274463803,"fCRN",560,64
0.532571700213011,0.951812318228185,4,108.605654175148,"fCRN",561,64
0.00747635063482448,0.987929090238176,3,112.635616827972,"fCRN",562,64
0.499543781368993,0.738978484920226,9,75.9270102867821,"fCRN",563,64
0.390991691031959,0.42118902558228,4,66.8417667493777,"fCRN",564,64
0.483472306777257,0.721314423205331,10,84.6802372118632,"fCRN",565,65
0.499543781368993,0.738978484920226,3,68.6478313748894,"fCRN",566,65
0.94428750370862,0.651326899752021,9,78.4437744029076,"fCRN",567,65
0.504773137096781,0.787707370428834,6,87.7746890601383,"fCRN",568,65
0.270831138978247,0.823538842406124,7,112.694320624378,"fCRN",569,65
0.400111495086458,0.9394030871219,6,105.837349524898,"fCRN",570,65
0.400111495086458,0.9394030871219,1,110.944504903654,"fCRN",571,65
0.214692509423476,0.501718000823166,5,101.050864557028,"fCRN",572,65
0.269239684713539,0.37510959698353,9,74.1155773901896,"fCRN",573,65
0.980684466371313,0.34400449746754,9,154.249123430922,"fCRN",574,65
0.694150476253126,0.842109257506672,7,93.2819106337619,"fCRN",575,66
0.553703570659272,0.687810175402556,4,80.900439974816,"fCRN",576,66
0.128123050923459,0.317821821158286,10,89.3554477332186,"fCRN",577,66
0.196737122328486,0.330948578554671,1,95.7324034447424,"fCRN",578,66
0.0330644325888716,0.265783539440017,2,110.104765591416,"fCRN",579,66
0.483472306777257,0.721314423205331,8,72.8784421261368,"fCRN",580,66
0.0470246251253411,0.801650276386645,2,112.702930285993,"fCRN",581,66
0.432986525420565,0.601922095350455,4,93.5581568484079,"fCRN",582,66
0.726761640508193,0.302692937797401,8,116.47457547754,"fCRN",583,67
0.0248614910431206,0.560638024667278,10,110.788354107914,"fCRN",584,67
0.360622140523046,0.741090292686131,9,99.6981583193854,"fCRN",585,67
0.432986525420565,0.601922095350455,2,89.4221825537336,"fCRN",586,67
0.180711540239863,0.577027787433471,9,105.853391981832,"fCRN",587,67
0.00747635063482448,0.987929090238176,8,112.59869158447,"fCRN",588,67
0.0522638079617172,0.711314165338408,8,112.264274489851,"fCRN",589,67
0.256561623155139,0.779785540627781,8,109.673006327135,"fCRN",590,67
0.298864587505814,0.894719307308551,6,109.669575733583,"fCRN",591,67
0.0330644325888716,0.265783539440017,5,102.140700860515,"fCRN",592,67
0.196737122328486,0.330948578554671,2,105.16079154898,"fCRN",593,68
0.0248614910431206,0.560638024667278,9,111.385247081141,"fCRN",594,68
0.94428750370862,0.651326899752021,6,115.416078980048,"fCRN",595,68
0.344178562583402,0.918540015022736,2,112.671475476886,"fCRN",596,68
0.499543781368993,0.738978484920226,10,80.7149979315437,"fCRN",597,68
0.869103703042492,0.351426040821243,4,101.047533173235,"fCRN",598,68
0.995421304244082,0.583843038920313,10,120.601545069984,"fCRN",599,68
0.781135077064391,0.299633120163344,4,111.402312577095,"fCRN",600,68
0.995421304244082,0.583843038920313,9,108.220987697479,"fCRN",601,68
0.0248614910431206,0.560638024667278,8,111.816725931409,"fCRN",602,68
0.443691894623917,0.137254052725621,3,76.3842552850098,"fCRN",603,69
0.94428750370862,0.651326899752021,2,92.965393326956,"fCRN",604,69
0.0902778712240979,0.325273107769899,6,94.690689788771,"fCRN",605,69
0.176894134124741,0.875549006231595,5,112.454699350185,"fCRN",606,69
0.014706784975715,0.396035880676936,2,112.304439487996,"fCRN",607,69
0.360622140523046,0.741090292686131,1,106.598766548694,"fCRN",608,69
0.014706784975715,0.396035880676936,9,107.88988702734,"fCRN",609,70
0.472218137544114,0.92420215893304,8,102.908351035624,"fCRN",610,70
0.256561623155139,0.779785540627781,5,110.733110595604,"fCRN",611,70
0.0470246251253411,0.801650276386645,6,112.173751363898,"fCRN",612,70
0.344178562583402,0.918540015022736,7,112.693705623379,"fCRN",613,70
0.0632216805662029,0.465101252065506,1,111.099054901471,"fCRN",614,70
0.0248614910431206,0.560638024667278,2,112.691333445227,"fCRN",615,70
0.499543781368993,0.738978484920226,6,79.1456859466162,"fCRN",616,70
0.22429713366786,0.945642638429999,2,112.68193209997,"fCRN",617,70
0.014706784975715,0.396035880676936,8,108.456817158346,"fCRN",618,70
0.511548510170542,0.623483020521235,4,80.595739759163,"fCRN",619,71
0.499543781368993,0.738978484920226,1,83.9106667831927,"fCRN",620,71
0.532571700213011,0.951812318228185,7,112.676220619389,"fCRN",621,71
0.726761640508193,0.302692937797401,7,115.557237971166,"fCRN",622,71
0.657619738616049,0.0793290982884355,7,152.425602693365,"fCRN",623,71
0.128123050923459,0.317821821158286,6,84.4396204690103,"fCRN",624,71
0.603752165308688,0.0299109921953641,4,133.174195460809,"fCRN",625,71
0.128123050923459,0.317821821158286,1,99.7970713274921,"fCRN",626,71
0.316598210257944,0.413117723744363,2,93.0147970768497,"fCRN",627,71
0.176894134124741,0.875549006231595,10,110.989340314133,"fCRN",628,71
0.20147322899662,0.64143626942765,10,104.750008861268,"fCRN",629,72
0.360622140523046,0.741090292686131,10,96.3022264118602,"fCRN",630,72
0.0713222817215137,0.542213059277274,3,111.275503250996,"fCRN",631,72
0.0632216805662029,0.465101252065506,10,105.673980236432,"fCRN",632,72
0.316598210257944,0.413117723744363,4,89.3828676520449,"fCRN",633,72
0.532571700213011,0.951812318228185,3,99.5393847123383,"fCRN",634,72
0.726761640508193,0.302692937797401,1,112.216904534773,"fCRN",635,72
0.214692509423476,0.501718000823166,10,94.7658918463059,"fCRN",636,72
0.532571700213011,0.951812318228185,10,98.1684246790199,"fCRN",637,72
0.256561623155139,0.779785540627781,4,112.458969415428,"fCRN",638,72
0.432986525420565,0.601922095350455,7,109.289922356606,"fCRN",639,73
0.0470246251253411,0.801650276386645,7,112.706048929712,"fCRN",640,73
0.995421304244082,0.583843038920313,5,126.861466502513,"fCRN",641,73
0.483472306777257,0.721314423205331,1,92.5605501579618,"fCRN",642,73
0.0470246251253411,0.801650276386645,4,112.668663446285,"fCRN",643,73
0.472218137544114,0.92420215893304,10,95.3331833182138,"fCRN",644,73
0.504773137096781,0.787707370428834,2,101.31340454547,"fCRN",645,73
0.0470246251253411,0.801650276386645,8,112.501045099656,"fCRN",646,73
0.162321611484513,0.512408115961589,2,111.322295454893,"fCRN",647,73
0.176894134124741,0.875549006231595,9,111.817655666768,"fCRN",648,73
0.256561623155139,0.779785540627781,10,107.719244536732,"fCRN",649,74
0.995421304244082,0.583843038920313,6,139.469433110905,"fCRN",650,74
0.00747635063482448,0.987929090238176,10,112.448007787802,"fCRN",651,74
0.162321611484513,0.512408115961589,5,106.796419638136,"fCRN",652,74
0.128123050923459,0.317821821158286,9,97.2811583112384,"fCRN",653,74
0.149252299352083,0.445070356025826,10,97.6773330212215,"fCRN",654,74
0.739436970544048,0.147236907512415,9,135.031092862362,"fCRN",655,74
0.876646182497498,0.173124896564987,7,172.835553960611,"fCRN",656,74
0.400111495086458,0.9394030871219,5,109.747189233048,"fCRN",657,74
0.344178562583402,0.918540015022736,10,106.641390363282,"fCRN",658,74
0.770504396595061,0.259292539197486,10,126.88721896485,"fCRN",659,75
0.20147322899662,0.64143626942765,2,111.710685378449,"fCRN",660,75
0.269239684713539,0.37510959698353,2,92.4883722956621,"fCRN",661,75
0.0330644325888716,0.265783539440017,4,108.94589446506,"fCRN",662,75
0.532571700213011,0.951812318228185,2,109.523404976397,"fCRN",663,75
0.916988245372195,0.274639623810072,4,144.939079042415,"fCRN",664,75
0.162321611484513,0.512408115961589,8,105.136968656214,"fCRN",665,75
0.400111495086458,0.9394030871219,3,109.076682990808,"fCRN",666,75
0.214692509423476,0.501718000823166,6,94.3887579310289,"fCRN",667,75
0.504773137096781,0.787707370428834,1,96.2348097824347,"fCRN",668,75
0.94428750370862,0.651326899752021,8,110.890946340078,"fCRN",669,76
0.20147322899662,0.64143626942765,3,108.261692483565,"fCRN",670,76
0.685239860778674,0.883171446716879,7,102.213763580775,"fCRN",671,76
0.360622140523046,0.741090292686131,7,112.648142285597,"fCRN",672,76
0.298864587505814,0.894719307308551,5,111.496170515422,"fCRN",673,76
0.0902778712240979,0.325273107769899,10,95.1887130342086,"fCRN",674,76
0.149252299352083,0.445070356025826,6,99.728840282831,"fCRN",675,76
0.344178562583402,0.918540015022736,1,112.534131236125,"fCRN",676,76
0.134600964458659,0.619429570592474,10,107.597618583092,"fCRN",677,76
0.504773137096781,0.787707370428834,7,111.44620866473,"fCRN",678,77
0.20147322899662,0.64143626942765,1,111.762920931092,"fCRN",679,77
0.0632216805662029,0.465101252065506,5,109.642443180251,"fCRN",680,77
0.542672120830975,0.0649500164482743,9,111.533727083908,"fCRN",681,77
0.22429713366786,0.945642638429999,6,111.631776234845,"fCRN",682,77
0.532571700213011,0.951812318228185,1,104.177400107074,"fCRN",683,77
0.0902778712240979,0.325273107769899,3,100.943224901255,"fCRN",684,77
0.472218137544114,0.92420215893304,9,101.674933386789,"fCRN",685,77
0.309692088053562,0.856247141896747,3,110.24751630529,"fCRN",686,77
0.726761640508193,0.302692937797401,9,85.7928659131058,"fCRN",687,77
0.180711540239863,0.577027787433471,6,103.122920021028,"fCRN",688,78
0.504773137096781,0.787707370428834,4,102.284547771749,"fCRN",689,78
0.180711540239863,0.577027787433471,7,112.67441924623,"fCRN",690,78
0.0522638079617172,0.711314165338408,9,112.058992596677,"fCRN",691,78
0.149252299352083,0.445070356025826,3,102.377528861765,"fCRN",692,78
0.0522638079617172,0.711314165338408,4,112.663698283392,"fCRN",693,78
0.176894134124741,0.875549006231595,8,112.37710559267,"fCRN",694,78
0.980684466371313,0.34400449746754,5,166.887315987836,"fCRN",695,78
0.249863115891349,0.862936055490281,5,112.039110922203,"fCRN",696,78
0.149252299352083,0.445070356025826,4,108.399791750193,"fCRN",697,78
0.553703570659272,0.687810175402556,7,100.26677287404,"fCRN",698,79
0.269239684713539,0.37510959698353,4,96.414893471747,"fCRN",699,79
0.0248614910431206,0.560638024667278,6,111.214581635309,"fCRN",700,79
0.876646182497498,0.173124896564987,8,188.063608367167,"fCRN",701,79
0.176894134124741,0.875549006231595,4,112.661589121432,"fCRN",702,79
0.360622140523046,0.741090292686131,4,110.283119001204,"fCRN",703,79
0.086588776090648,0.591850699645001,9,110.221918360772,"fCRN",704,79
0.128123050923459,0.317821821158286,2,107.867630652454,"fCRN",705,79
0.94428750370862,0.651326899752021,1,94.909701744071,"fCRN",706,79
0.84119491497986,0.835311350505799,1,43.4504383644102,"aCRN",1,1
0.84119491497986,0.835311350505799,2,41.6864771387272,"aCRN",2,1
0.84119491497986,0.835311350505799,3,59.8189512670781,"aCRN",3,1
0.84119491497986,0.835311350505799,4,20.5346844954271,"aCRN",4,1
0.84119491497986,0.835311350505799,5,42.0037716364039,"aCRN",5,1
0.84119491497986,0.835311350505799,6,32.277264168114,"aCRN",6,1
0.84119491497986,0.835311350505799,7,38.8557882075209,"aCRN",7,1
0.84119491497986,0.835311350505799,8,55.7100876088536,"aCRN",8,1
0.84119491497986,0.835311350505799,9,34.1202010370965,"aCRN",9,1
0.84119491497986,0.835311350505799,10,35.2962006762515,"aCRN",10,1
0.137404569331557,0.676820743642747,1,112.308979742018,"aCRN",11,1
0.137404569331557,0.676820743642747,2,112.669849780254,"aCRN",12,1
0.137404569331557,0.676820743642747,3,111.578902509159,"aCRN",13,1
0.137404569331557,0.676820743642747,4,112.590337766683,"aCRN",14,1
0.137404569331557,0.676820743642747,5,111.586799673555,"aCRN",15,1
0.137404569331557,0.676820743642747,6,110.696802926814,"aCRN",16,1
0.137404569331557,0.676820743642747,7,112.701963928174,"aCRN",17,1
0.137404569331557,0.676820743642747,8,111.245246866979,"aCRN",18,1
0.137404569331557,0.676820743642747,9,110.438684211181,"aCRN",19,1
0.137404569331557,0.676820743642747,10,109.033467475372,"aCRN",20,1
0.353968283999711,0.499539848417044,1,86.1557420093874,"aCRN",21,1
0.353968283999711,0.499539848417044,2,93.754366234959,"aCRN",22,1
0.353968283999711,0.499539848417044,3,56.562853849886,"aCRN",23,1
0.353968283999711,0.499539848417044,4,100.446872810585,"aCRN",24,1
0.353968283999711,0.499539848417044,5,64.819704252688,"aCRN",25,1
0.353968283999711,0.499539848417044,6,77.5991221752942,"aCRN",26,1
0.353968283999711,0.499539848417044,7,107.307322145968,"aCRN",27,1
0.353968283999711,0.499539848417044,8,69.9861372411751,"aCRN",28,1
0.353968283999711,0.499539848417044,9,76.7347882174199,"aCRN",29,1
0.353968283999711,0.499539848417044,10,74.1796721641194,"aCRN",30,1
0.543523701652884,0.198381218966097,1,66.4506069823055,"aCRN",31,1
0.543523701652884,0.198381218966097,2,85.6807914284292,"aCRN",32,1
0.543523701652884,0.198381218966097,3,91.9190883977925,"aCRN",33,1
0.543523701652884,0.198381218966097,4,56.7928317886532,"aCRN",34,1
0.543523701652884,0.198381218966097,5,71.3859264494725,"aCRN",35,1
0.543523701652884,0.198381218966097,6,77.3267466183225,"aCRN",36,1
0.543523701652884,0.198381218966097,7,51.8875402354281,"aCRN",37,1
0.543523701652884,0.198381218966097,8,98.7835918551354,"aCRN",38,1
0.543523701652884,0.198381218966097,9,65.1499413007038,"aCRN",39,1
0.543523701652884,0.198381218966097,10,90.5452679302152,"aCRN",40,1
0.676007035886869,0.355489044263959,1,84.5967721688371,"aCRN",41,1
0.676007035886869,0.355489044263959,2,80.9753660133136,"aCRN",42,1
0.676007035886869,0.355489044263959,3,87.0393105680325,"aCRN",43,1
0.676007035886869,0.355489044263959,4,42.1677461086218,"aCRN",44,1
0.676007035886869,0.355489044263959,5,68.9064511486478,"aCRN",45,1
0.676007035886869,0.355489044263959,6,84.0819378774521,"aCRN",46,1
0.676007035886869,0.355489044263959,7,72.3881178368411,"aCRN",47,1
0.676007035886869,0.355489044263959,8,77.0109288888066,"aCRN",48,1
0.676007035886869,0.355489044263959,9,68.7343861657625,"aCRN",49,1
0.676007035886869,0.355489044263959,10,78.1236009775725,"aCRN",50,1
0.839101321917751,0.814195646823859,4,20.8768193017618,"aCRN",51,2
0.797495480801909,0.212837331711427,4,123.792224519495,"aCRN",52,2
0.964944724039138,0.870189685706546,10,59.9778011739624,"aCRN",53,2
0.875141677512604,0.564535816019938,4,54.8214021948897,"aCRN",54,2
0.890342729255292,0.799029194832284,4,22.9193592777584,"aCRN",55,2
0.775451469351412,0.719344982487648,4,19.0325411798419,"aCRN",56,2
0.754895033784525,0.682570134840113,4,23.3342055471116,"aCRN",57,3
0.844957310362085,0.806591125731758,4,20.4873783893237,"aCRN",58,3
0.648279905871185,0.79053996285362,4,62.8817844203008,"aCRN",59,3
0.876055203913564,0.791965811472776,4,17.5989423624611,"aCRN",60,3
0.76855116395451,0.946434511568052,4,55.6493619473621,"aCRN",61,3
0.73619506504219,0.716212457696545,4,22.6414147827899,"aCRN",62,4
0.850655597324325,0.707512738763617,6,51.7908971702844,"aCRN",63,4
0.788998322262675,0.702048643532783,9,28.1894229163429,"aCRN",64,4
0.796009076495124,0.639460815452221,7,33.8779112592133,"aCRN",65,4
0.850655597324325,0.707512738763617,8,55.4312525780921,"aCRN",66,4
0.788998322262675,0.702048643532783,5,33.4817816576463,"aCRN",67,4
0.709857031220149,0.729645420188845,10,41.13609385712,"aCRN",68,5
0.929549269365928,0.827903206955673,4,16.2227685005298,"aCRN",69,5
0.771797188585551,0.619653788594182,2,47.48110619546,"aCRN",70,5
0.843104607421472,0.748736899349278,10,49.2551449792881,"aCRN",71,5
0.773835262719863,0.708441332700463,2,34.8672162966479,"aCRN",72,5
0.773835262719863,0.708441332700463,1,39.9949254206823,"aCRN",73,5
0.773835262719863,0.708441332700463,3,53.9808363502207,"aCRN",74,5
0.890859044773451,0.782486457672749,4,22.1039398844605,"aCRN",75,6
0.896837852375415,0.902380679503063,4,25.3158268501922,"aCRN",76,6
0.974751100828189,0.765492045250868,4,45.5914921714111,"aCRN",77,7
0.899246796062588,0.878811861288199,4,25.2363089046063,"aCRN",78,7
0.727269805217678,0.694808509837023,4,26.6205459250282,"aCRN",79,7
0.759229642912718,0.633533096214966,4,14.8076779655918,"aCRN",80,7
0.789766013636597,0.610800809005142,4,15.1686884373993,"aCRN",81,8
0.869094493256063,0.746520510575551,4,16.8226038412607,"aCRN",82,8
0.807742184998055,0.582156603653473,4,25.5964493205949,"aCRN",83,9
0.901684949523469,0.846594003713833,4,17.8960142694588,"aCRN",84,9
0.803728765843116,0.621557128405082,4,15.9324067283765,"aCRN",85,10
0.931651301831736,0.710757016680424,4,41.8477911455596,"aCRN",86,11
0.937616408351244,0.839785489362388,4,25.6221593450855,"aCRN",87,11
0.831449620007507,0.623218684387522,4,32.8814251335291,"aCRN",88,11
0.654854926213917,0.592809264266049,4,26.016750126192,"aCRN",89,11
0.395799383567956,0.104696525088722,4,36.0717107555448,"aCRN",90,11
0.756839474825945,0.79067490516544,4,42.9996546152374,"aCRN",91,11
0.704845171620149,0.576785855680268,10,42.277958117372,"aCRN",92,12
0.866460498621044,0.789881756904158,4,23.5172150974684,"aCRN",93,12
0.788368926517655,0.770878894789825,4,23.5111096553889,"aCRN",94,12
0.760478880516444,0.522620009973357,9,47.9069849596152,"aCRN",95,12
0.673692293827081,0.542209866713587,4,12.0411834555371,"aCRN",96,12
0.604852590803016,0.474309147215931,4,18.8109405705434,"aCRN",97,13
0.757936541025645,0.72354634370805,4,19.2783159364747,"aCRN",98,13
0.641707992899985,0.54707955756382,4,18.6191639803384,"aCRN",99,13
0.344439614258641,0.121870246163302,10,30.2715433474024,"aCRN",100,13
0.484079609259206,0.023981111296455,5,110.776556836519,"aCRN",101,14
0.689727048081135,0.546715274534387,4,22.4170638682957,"aCRN",102,14
0.792907748538755,0.616162217898947,4,15.2292709303271,"aCRN",103,14
0.501250633930786,0.534954536686866,6,57.1312541260894,"aCRN",104,14
0.231775811938683,0.243385806766249,5,50.2490825491342,"aCRN",105,15
0.609211423473462,0.614358578726938,4,35.2550817908455,"aCRN",106,15
0.319189614123871,0.127580581203376,3,27.1243925879885,"aCRN",107,15
0.298986834056719,0.249050087448572,5,25.6698382164634,"aCRN",108,15
0.319189614123871,0.127580581203376,6,26.6772050133955,"aCRN",109,15
0.319189614123871,0.127580581203376,9,26.9427335489387,"aCRN",110,15
0.756669419050472,0.48954143442839,4,29.7916859955164,"aCRN",111,15
0.551508184009611,0.555084116451899,10,25.5732301246812,"aCRN",112,15
0.911647228711509,0.85951124393098,4,19.7195686093437,"aCRN",113,15
0.275253311326153,0.0857410954549749,7,54.0022001752,"aCRN",114,16
0.38947818498494,0.245870494554463,5,16.2888530189595,"aCRN",115,16
0.917424940045693,0.836886753955607,4,26.0098991056318,"aCRN",116,16
0.299219991453212,0.210269642808839,4,47.6526208851908,"aCRN",117,16
0.38947818498494,0.245870494554463,10,19.2485051496226,"aCRN",118,16
0.788961416491783,0.760118681420562,4,26.7759312639076,"aCRN",119,16
0.38947818498494,0.245870494554463,1,20.321914231189,"aCRN",120,16
0.347412364516444,0.161993766373277,2,22.830412233954,"aCRN",121,16
0.308313714057507,0.272696161465999,2,60.8748919937237,"aCRN",122,16
0.369809130420108,0.037363927475195,1,70.2463839314562,"aCRN",123,16
0.38321567452394,0.142670171138642,6,60.3639128966804,"aCRN",124,17
0.38321567452394,0.142670171138642,8,51.2478929776968,"aCRN",125,17
0.347370947690717,0.324960727153488,5,29.9499582637439,"aCRN",126,17
0.63130024344004,0.469988050709852,4,14.4540925719745,"aCRN",127,17
0.38321567452394,0.142670171138642,9,30.1735901833782,"aCRN",128,17
0.45420466487144,0.188724273187953,3,71.0057869626006,"aCRN",129,17
0.343468243639736,0.220405228311073,8,22.0736839868762,"aCRN",130,18
0.343468243639736,0.220405228311073,3,14.303291873406,"aCRN",131,18
0.863639627449414,0.850742084559222,4,41.2297354964704,"aCRN",132,18
0.614745902152641,0.521175388232087,3,37.2073398486624,"aCRN",133,18
0.431604850516395,0.284979107397072,5,23.0406442429181,"aCRN",134,18
0.647254109773406,0.453984805853562,8,51.1516866731191,"aCRN",135,18
0.532426717397508,0.560204236334219,5,34.3305135180912,"aCRN",136,18
0.336315712401338,0.184104142793213,7,57.2506215107429,"aCRN",137,19
0.336315712401338,0.184104142793213,5,18.3240900791205,"aCRN",138,19
0.800216817668358,0.603247461680887,4,25.9323186104685,"aCRN",139,19
0.675100017841354,0.633176064700409,4,33.3114614711894,"aCRN",140,19
0.821331725960003,0.714597051551364,4,24.9859366384967,"aCRN",141,19
0.672322954263321,0.551999092117075,4,12.4971283830239,"aCRN",142,20
0.374832405569726,0.214748799714357,8,19.0229147905549,"aCRN",143,20
0.565629446736764,0.550815712734723,1,21.9129691694618,"aCRN",144,20
0.90403422804709,0.999915276918051,4,36.0053626368887,"aCRN",145,20
0.90403422804709,0.999915276918051,6,42.8337795818595,"aCRN",146,20
0.488482479636842,0.291890861637807,4,27.3195248063279,"aCRN",147,21
0.556360851815992,0.473096573086357,4,38.4331746137512,"aCRN",148,21
0.412493691061425,0.27972598513939,8,17.0590123099228,"aCRN",149,21
0.556360851815992,0.473096573086357,2,20.3734927766643,"aCRN",150,21
0.353190828455948,0.186867102848268,3,20.6596655872794,"aCRN",151,21
0.656218957850868,0.54034140835857,9,32.2723558249944,"aCRN",152,21
0.412493691061425,0.27972598513939,9,28.5204460270901,"aCRN",153,21
0.412493691061425,0.27972598513939,4,24.0603613875397,"aCRN",154,21
0.353190828455948,0.186867102848268,1,16.6439118593015,"aCRN",155,21
0.567386303391646,0.542044297762147,9,32.4263063967306,"aCRN",156,22
0.623809210905855,0.543322400309437,7,35.2424417850168,"aCRN",157,22
0.65353988297231,0.4974436386366,1,37.3412149860401,"aCRN",158,22
0.412152737304876,0.353065659843629,8,27.8204996004709,"aCRN",159,22
0.412152737304876,0.353065659843629,2,36.5620319213501,"aCRN",160,22
0.547481561371894,0.470694927382569,7,46.2975738730946,"aCRN",161,22
0.673130468027306,0.509450953613818,9,35.6794030496616,"aCRN",162,22
0.376843127814713,0.242363762296312,6,17.1071173885764,"aCRN",163,22
0.735934044760147,0.621104448641561,7,21.6710328172502,"aCRN",164,22
0.412152737304876,0.353065659843629,5,30.0514410454955,"aCRN",165,22
0.34568697729196,0.236537468770561,9,24.1263177447532,"aCRN",166,23
0.398420934388169,0.224219397540935,3,34.1029309735996,"aCRN",167,23
0.354899039640842,0.20843254914572,1,20.2753325228192,"aCRN",168,23
0.424734364764206,0.272553330815394,8,14.4971830653987,"aCRN",169,23
0.424734364764206,0.272553330815394,7,51.6733839985479,"aCRN",170,23
0.348685802228746,0.206360541171087,8,12.7286999328367,"aCRN",171,23
0.372647342810047,0.24642210523031,5,16.0759336762863,"aCRN",172,24
0.372647342810047,0.24642210523031,4,27.0080662685124,"aCRN",173,24
0.336979735840968,0.215747042567495,10,14.7916219262095,"aCRN",174,24
0.780665503430284,0.57413659373223,4,20.5746648012348,"aCRN",175,24
0.301728751902587,0.210085092698248,8,16.9361059033155,"aCRN",176,24
0.372647342810047,0.24642210523031,8,16.0509707920218,"aCRN",177,24
0.378088972187662,0.277862471375511,5,20.7650696799188,"aCRN",178,25
0.378088972187662,0.277862471375511,1,22.434944454428,"aCRN",179,25
0.534950648425927,0.527019071650527,8,26.4752827002736,"aCRN",180,25
0.338208072711606,0.209478809165459,9,22.316579105461,"aCRN",181,25
0.425885887795074,0.330669583944839,8,18.4846738763991,"aCRN",182,26
0.315075156428928,0.161263048674388,1,24.7434359732511,"aCRN",183,26
0.534507398580151,0.706491483302925,5,58.1042081944242,"aCRN",184,26
0.556953256074936,0.487735802962734,10,22.179064251882,"aCRN",185,26
0.530565986632192,0.560827434205209,2,46.6979974977196,"aCRN",186,26
0.720775588142515,0.552435140323228,6,42.897183087374,"aCRN",187,26
0.402064336162748,0.265814632780209,6,16.9027503766999,"aCRN",188,27
0.340124525219569,0.292152089855757,10,22.4406808812888,"aCRN",189,27
0.756705077673563,0.520421982569894,4,25.9302186188964,"aCRN",190,27
0.588866491129049,0.450296091699814,4,20.670206233673,"aCRN",191,27
0.402064336162748,0.265814632780209,1,16.4343879992804,"aCRN",192,27
0.63562729962943,0.513586693067062,2,13.1758855640158,"aCRN",193,27
0.46357813782201,0.254502131474413,1,38.2945850940411,"aCRN",194,28
0.710004176989264,0.523339364053255,4,17.261242569685,"aCRN",195,28
0.489547797370478,0.349657864630166,1,27.4338087291236,"aCRN",196,28
0.566390979510062,0.552600259213812,10,26.553141187639,"aCRN",197,28
0.236161177474959,0.18737016809215,3,42.8011751481125,"aCRN",198,28
0.608971680551311,0.60782809361717,8,31.211510950955,"aCRN",199,28
0.387488032947035,0.379826901681449,10,35.7946563853122,"aCRN",200,29
0.422786318862797,0.35308140161467,8,19.8067395270668,"aCRN",201,29
0.60165664278189,0.449455568052348,5,40.4403974087083,"aCRN",202,29
0.520798102188676,0.424125503485117,5,30.0074248237741,"aCRN",203,29
0.564615233478704,0.353989853799359,4,18.7788062548298,"aCRN",204,29
0.738585686240799,0.643159055528178,5,26.2193715703591,"aCRN",205,29
0.521717583923076,0.334942023811486,5,38.3546504080117,"aCRN",206,29
0.580069884718109,0.37500402109387,10,52.6636064616216,"aCRN",207,29
0.585443357534302,0.595738499026127,2,47.5949285924748,"aCRN",208,29
0.367883633098994,0.329819316398642,6,38.6098792056804,"aCRN",209,30
0.527507004859652,0.392061964905875,4,15.3832234709256,"aCRN",210,30
0.367883633098994,0.329819316398642,8,37.7212286267151,"aCRN",211,30
0.589292439856254,0.375943970211355,4,20.8877243782795,"aCRN",212,30
0.466429133412868,0.320424525433936,8,15.5203475514826,"aCRN",213,30
0.379748718936854,0.187081138975665,1,23.2879095814388,"aCRN",214,30
0.796281626173859,0.556593503719969,4,35.6526143626395,"aCRN",215,30
0.59138975715049,0.351032604639607,4,28.3105130387079,"aCRN",216,30
0.518395706063504,0.394381131919386,4,26.7104014300507,"aCRN",217,31
0.307008389533596,0.212278534282212,10,20.8162636340715,"aCRN",218,31
0.52596582349733,0.415386790768381,8,28.0954878164371,"aCRN",219,31
0.596416037698684,0.524153330164151,10,25.9550258396449,"aCRN",220,31
0.560512558168494,0.40328502456446,4,15.4323820533832,"aCRN",221,31
0.480351708043496,0.31393824939601,6,31.2816967962968,"aCRN",222,31
0.249141174999628,0.0218723893151598,9,34.3325322730093,"aCRN",223,31
0.546149048115303,0.455199064180205,9,12.3047121296705,"aCRN",224,32
0.346417939095195,0.226184833690881,2,22.1710273881375,"aCRN",225,32
0.60712910685973,0.533977362975444,1,29.4110506611052,"aCRN",226,32
0.62342249471757,0.479293319518533,2,31.7412184784241,"aCRN",227,32
0.355936654694563,0.142182297484694,5,33.5849742451815,"aCRN",228,32
0.544298829748366,0.411980671888016,1,26.92141111156,"aCRN",229,32
0.440679211903937,0.365022203542674,10,15.4833030477133,"aCRN",230,32
0.336540157711126,0.112020993355584,5,38.9369889553737,"aCRN",231,32
0.713600883559386,0.620170433507243,5,41.2037920008283,"aCRN",232,32
0.725142118705886,0.570835055168288,4,21.3325855892058,"aCRN",233,33
0.39412478360644,0.965850976806986,2,112.635836584847,"aCRN",234,33
0.392741150868369,0.25340917293974,6,17.8699925479382,"aCRN",235,33
0.361853875517082,0.187942164488071,10,18.6159731264725,"aCRN",236,33
0.465520191585369,0.413497928984163,9,18.1762547743962,"aCRN",237,33
0.465520191585369,0.413497928984163,2,28.769827429045,"aCRN",238,33
0.668990190890129,0.547646151513174,8,58.6373313995731,"aCRN",239,33
0.291455777857697,0.207524562629602,1,38.7990507182027,"aCRN",240,34
0.732634488078925,0.643261607269717,7,34.772670502298,"aCRN",241,34
0.570925782216135,0.474712983877191,4,20.0069294926226,"aCRN",242,34
0.732634488078925,0.643261607269717,1,37.2270262732402,"aCRN",243,34
0.459116527043266,0.449150284179341,10,39.4225647803563,"aCRN",244,34
0.519413736657665,0.344571500793738,8,22.7467765097422,"aCRN",245,34
0.413371832579614,0.180460132118195,10,44.341831489035,"aCRN",246,34
0.596758388968086,0.443528422839209,9,17.0404295023266,"aCRN",247,34
0.435647436054522,0.358110102428771,3,17.1444070492189,"aCRN",248,34
0.790024054645085,0.639493826941955,4,14.9219089374193,"aCRN",249,35
0.467617164905964,0.496140708423897,9,45.5647727400399,"aCRN",250,35
0.523796396082191,0.436971047948118,10,16.528403395727,"aCRN",251,35
0.69648243037901,0.468182778401568,4,15.6553220634675,"aCRN",252,35
0.359537782468972,0.261982214739938,3,29.6415883915865,"aCRN",253,36
0.453114887603062,0.354096310329176,9,25.2704186630523,"aCRN",254,36
0.492139896511606,0.419695507123412,3,20.1337114470647,"aCRN",255,36
0.359537782468972,0.261982214739938,6,14.6881780441764,"aCRN",256,36
0.453114887603062,0.354096310329176,8,17.2827390568431,"aCRN",257,36
0.465065893322755,0.316528465937527,1,26.5479204309475,"aCRN",258,36
0.453114887603062,0.354096310329176,3,18.4433840669652,"aCRN",259,36
0.546698055333658,0.507684456850429,9,43.7669344877551,"aCRN",260,37
0.720325951733606,0.651920041861896,4,25.1017730429743,"aCRN",261,37
0.558718764863289,0.426371202904161,2,15.1350357426302,"aCRN",262,37
0.490559498835886,0.336061069503446,8,23.4252550521318,"aCRN",263,37
0.397898284388267,0.3104775253423,10,13.5218927727747,"aCRN",264,37
0.371943479602746,0.260371545502402,3,21.5190452141979,"aCRN",265,37
0.570030327212327,0.438817762704536,2,18.196126233377,"aCRN",266,38
0.449969284902747,0.325895955224169,8,15.2776287621496,"aCRN",267,38
0.570030327212327,0.438817762704536,4,15.2282957056596,"aCRN",268,38
0.449969284902747,0.325895955224169,3,30.1873686783524,"aCRN",269,38
0.524825771370628,0.440459672711857,3,23.6785402279518,"aCRN",270,39
0.453356480534554,0.533787839659202,1,67.8805007070338,"aCRN",271,39
0.708543309832009,0.57402509476505,4,13.8192003035524,"aCRN",272,39
0.281740594999371,0.156162153321386,10,19.4618184206313,"aCRN",273,39
0.261795888270577,0.115239348114512,8,24.8085740528281,"aCRN",274,39
0.522058470719148,0.326425438983411,4,17.5544414847521,"aCRN",275,39
0.568084981301977,0.577062153979467,1,30.8212669280402,"aCRN",276,40
0.465631776607309,0.319586254926358,9,15.8320392036697,"aCRN",277,40
0.760265112578338,0.524689754139191,4,21.6564078277077,"aCRN",278,40
0.293444090257752,0.179056276615035,2,30.1940916127118,"aCRN",279,40
0.329629053860558,0.221491218885498,9,40.9095839554247,"aCRN",280,40
0.299763598868887,0.036718582493458,9,36.1201241185109,"aCRN",281,40
0.465631776607309,0.319586254926358,4,21.7271559788826,"aCRN",282,40
0.519929072762944,0.428355342241862,4,35.8666396751098,"aCRN",283,40
0.89381662836292,0.859959421609128,6,39.7708784448776,"aCRN",284,41
0.486200806048266,0.327468388287236,10,23.9496170828646,"aCRN",285,41
0.459230835852126,0.306553514521341,6,31.9251910218589,"aCRN",286,41
0.659007786252909,0.565962343439669,4,19.1161121197344,"aCRN",287,41
0.486200806048266,0.327468388287236,4,21.6698905953824,"aCRN",288,41
0.56133962004444,0.445896008401128,9,13.5876326994895,"aCRN",289,42
0.819639782267799,0.685429663249829,4,14.9907562276634,"aCRN",290,42
0.459567537163153,0.289352352496586,9,18.568844342016,"aCRN",291,42
0.518176910458223,0.340462115031424,3,38.9956839449782,"aCRN",292,42
0.633158154301578,0.561200809618835,4,18.9410236322545,"aCRN",293,43
0.767997197078384,0.563582234925296,4,27.6985183862256,"aCRN",294,43
0.54694593068281,0.357347274724465,2,38.4669074698894,"aCRN",295,43
0.568428415988897,0.48597884630499,6,31.3145966027991,"aCRN",296,43
0.458184938139126,0.32259664262893,2,12.6412807973725,"aCRN",297,43
0.326205786433345,0.0818939926187778,10,44.2381046270079,"aCRN",298,43
0.514771628571766,0.349498698020401,10,27.163786317977,"aCRN",299,43
0.819523069507104,0.710427246993891,4,16.4319779999274,"aCRN",300,44
0.480576896938929,0.388912182947073,9,28.8761438417306,"aCRN",301,44
0.480576896938929,0.388912182947073,8,18.1233398010564,"aCRN",302,44
0.53309189921885,0.331353789631305,4,18.573109487633,"aCRN",303,45
0.577309846071312,0.377893252486878,4,16.4939232734512,"aCRN",304,45
0.562051517986096,0.441631788483551,2,12.1382302525272,"aCRN",305,45
0.449835745247327,0.407154246542785,3,33.4774935480156,"aCRN",306,45
0.956607216674848,0.839613083949171,1,67.4649157079822,"aCRN",307,45
0.702879812598049,0.481047641657879,4,33.1453444903826,"aCRN",308,45
0.519135261876633,0.418208059648747,10,17.1712400585547,"aCRN",309,46
0.469982497792362,0.408912090930209,3,19.2083418347239,"aCRN",310,46
0.545380964686736,0.429404565429532,1,25.6835271011681,"aCRN",311,46
0.514298970756038,0.461707247462294,2,33.3159195438083,"aCRN",312,46
0.159625058210583,0.132214584988318,8,43.486426697657,"aCRN",313,46
0.271560755651435,0.144002209154522,6,16.3101134876554,"aCRN",314,46
0.514298970756038,0.461707247462294,9,30.0909512401096,"aCRN",315,46
0.469982497792362,0.408912090930209,5,21.4339880000003,"aCRN",316,46
0.713937569521387,0.514974937797497,4,20.8338547789528,"aCRN",317,47
0.263463388493002,0.0782609655126957,6,23.9723438012793,"aCRN",318,47
0.598497526922344,0.498296755373692,1,25.5991568549272,"aCRN",319,47
0.242295784929353,0.143185951380163,6,36.9038085989632,"aCRN",320,47
0.835525336208042,0.638441165933421,4,29.4329242465469,"aCRN",321,47
0.242295784929353,0.143185951380163,2,40.8184825152955,"aCRN",322,47
0.486923587266079,0.365442623626209,3,27.9105714739057,"aCRN",323,47
0.650197857274048,0.577748764735834,1,20.5780330825022,"aCRN",324,47
0.911941701126191,0.817833712248774,4,17.8965675120362,"aCRN",325,47
0.580942522667852,0.416525689744999,9,16.7326088228884,"aCRN",326,48
0.396599308027248,0.199572928308831,2,20.7984195896165,"aCRN",327,48
0.396599308027248,0.199572928308831,6,39.7509573955318,"aCRN",328,48
0.737322488518928,0.633349739702641,4,15.8776260788882,"aCRN",329,48
0.324184603522874,0.168663648412621,10,19.7082683557982,"aCRN",330,48
0.343776865377786,0.174369777121861,6,21.248878828897,"aCRN",331,48
0.344867328347148,0.168732744484659,10,22.2566043152042,"aCRN",332,49
0.694985899126378,0.467290505682139,4,21.0482707833755,"aCRN",333,49
0.453036448755042,0.294660211707332,1,30.281844379263,"aCRN",334,49
0.418755674289605,0.248007760615197,5,30.0418849522654,"aCRN",335,49
0.569472871297154,0.39878329588266,3,43.7973506138451,"aCRN",336,49
0.344867328347148,0.168732744484659,6,22.4733064979432,"aCRN",337,49
0.281087538819356,0.200421424606477,5,26.747073495881,"aCRN",338,49
0.426275475032365,0.260645175938843,9,20.0375884401055,"aCRN",339,49
0.402629481202725,0.284734139606887,10,14.0134306157972,"aCRN",340,50
0.319065948919513,0.240885579115677,5,12.6877972091219,"aCRN",341,50
0.515558859780623,0.341021642078134,9,20.0674604845015,"aCRN",342,50
0.515558859780623,0.341021642078134,2,16.0750098162975,"aCRN",343,50
0.481185811253766,0.330183514456766,4,16.5983417995609,"aCRN",344,50
0.453253092015813,0.360317159953376,3,23.7761841070654,"aCRN",345,51
0.793913479952987,0.599031623051881,4,16.7598057598801,"aCRN",346,51
0.340675723219472,0.213171016661647,3,17.1824801400257,"aCRN",347,51
0.453253092015813,0.360317159953376,9,26.5542597876741,"aCRN",348,51
0.501653862573708,0.420280318717053,2,27.7570791969284,"aCRN",349,51
0.41592041398416,0.255815670718867,2,17.7897511934471,"aCRN",350,51
0.317082922907917,0.101196460351138,4,34.2636833980236,"aCRN",351,52
0.575682818423242,0.483870643173934,10,16.6296288129184,"aCRN",352,52
0.575682818423242,0.483870643173934,8,18.6242150475829,"aCRN",353,52
0.634685534940091,0.526990360014657,2,17.6750089276939,"aCRN",354,52
0.570710054205574,0.494162022062378,2,19.811487816541,"aCRN",355,52
0.600574668878883,0.378639532207376,9,53.8244303911402,"aCRN",356,52
0.407124471377489,0.207182222587811,2,24.217864284347,"aCRN",357,52
0.334777799317355,0.210144053822769,6,15.1677093175138,"aCRN",358,53
0.563464741141831,0.43150272109943,8,22.6604291553569,"aCRN",359,53
0.537399639627268,0.332675037733604,4,18.2729578913489,"aCRN",360,53
0.629915364145364,0.4797227538655,2,31.8043212706253,"aCRN",361,53
0.599196794911412,0.482185238778838,9,16.773977960927,"aCRN",362,53
0.512694955328631,0.443657874739987,8,19.8214804974026,"aCRN",363,53
0.8170120652348,0.756687549961524,4,18.3947366557302,"aCRN",364,54
0.415448852192768,0.291477555979362,1,16.3098099618021,"aCRN",365,54
0.458317212750296,0.275749541685616,10,31.0564800081247,"aCRN",366,54
0.462021176368993,0.271898189289072,8,45.2067856117479,"aCRN",367,54
0.415448852192768,0.291477555979362,6,17.1865132480024,"aCRN",368,54
0.462021176368993,0.271898189289072,9,27.3519416654702,"aCRN",369,54
0.716519043070287,0.732432920427593,7,62.8219233978548,"aCRN",370,54
0.462021176368993,0.271898189289072,2,21.5017844067246,"aCRN",371,54
0.392958241664065,0.313074381110755,5,18.0513568783212,"aCRN",372,55
0.33126159333604,0.171528664380228,6,17.2279418445158,"aCRN",373,55
0.424276348824473,0.308196790505167,9,26.6404367698266,"aCRN",374,55
0.347327833992822,0.270490279242561,8,30.7545376189989,"aCRN",375,55
0.756569627109526,0.701406603032026,4,37.5031351824731,"aCRN",376,55
0.40216047387306,0.297160403815598,4,45.078808878463,"aCRN",377,55
0.66721141588484,0.513287255436272,2,42.1314538787898,"aCRN",378,55
0.118025241981794,0.160735387047833,4,96.6502831228278,"aCRN",379,55
0.535876605798591,0.301448804678291,4,24.593728573531,"aCRN",380,56
0.809591325743574,0.689013726162157,4,14.710742353602,"aCRN",381,56
0.552271171914259,0.417142692940834,2,13.7408835665003,"aCRN",382,56
0.559537399746362,0.312249649103774,4,26.3126668288025,"aCRN",383,56
0.552271171914259,0.417142692940834,8,23.2889724467131,"aCRN",384,56
0.291519085821078,0.15426253083127,6,16.1998655415518,"aCRN",385,56
0.514493259546906,0.314644898536481,2,28.8615678543266,"aCRN",386,56
0.615585319991851,0.581706960457504,10,18.5629781666585,"aCRN",387,56
0.425649828015985,0.310753880760742,8,21.2547024499903,"aCRN",388,57
0.442133129841841,0.365837347041802,8,17.2239184373543,"aCRN",389,57
0.48910043669394,0.350053962516283,5,20.7610164004607,"aCRN",390,57
0.47579139556524,0.266806038766831,2,27.1110660245978,"aCRN",391,57
0.442133129841841,0.365837347041802,1,24.6857476818885,"aCRN",392,57
0.560424344168596,0.431101994483035,10,23.7813888460187,"aCRN",393,58
0.519319649558783,0.359821479855415,9,20.4987321510863,"aCRN",394,58
0.420909398255356,0.293378820924663,5,18.8472231849198,"aCRN",395,58
0.680156606504579,0.496310944947868,4,12.9756054438189,"aCRN",396,58
0.420909398255356,0.293378820924663,1,16.4834150071225,"aCRN",397,58
0.314783979628854,0.161112512436206,3,18.0921732435124,"aCRN",398,59
0.784156334145185,0.66059793397722,6,29.6150216098266,"aCRN",399,59
0.365854800187579,0.185237583563698,1,21.2765850010506,"aCRN",400,59
0.580928380622243,0.409185991976554,9,17.5341251436864,"aCRN",401,59
0.299554865785951,0.208698340272974,10,21.0966657775747,"aCRN",402,59
0.314783979628854,0.161112512436206,6,18.2892058194157,"aCRN",403,59
0.279805592590634,0.0849378110875553,3,27.2063984902795,"aCRN",404,60
0.510319034647924,0.407262781339021,10,16.5307993373785,"aCRN",405,60
0.761634338814936,0.555175897079957,4,20.5033201851276,"aCRN",406,60
0.262635774322675,0.103058120468515,6,20.9424009706586,"aCRN",407,60
0.283805729654612,0.0720207043083337,8,24.0070121769321,"aCRN",408,60
0.510319034647924,0.407262781339021,2,21.8276325916132,"aCRN",409,60
0.655949895053327,0.544844882482344,6,55.4342889919191,"aCRN",410,60
0.25113355980261,0.140986796374962,9,38.0797755630294,"aCRN",411,60
0.343041709382037,0.278189589540499,5,33.5240419123144,"aCRN",412,61
0.500386036248269,0.421083441236212,9,26.188388327049,"aCRN",413,61
0.246163703287989,0.0408082058576075,8,25.5573515416168,"aCRN",414,61
0.866350262809859,0.768613633252008,4,20.8699414336875,"aCRN",415,61
0.246163703287989,0.0408082058576075,6,32.4247796697782,"aCRN",416,61
0.693853842226125,0.44451747850429,4,24.0969576157787,"aCRN",417,62
0.586008477737291,0.502670911334975,1,29.0944178239547,"aCRN",418,62
0.384277858548889,0.213201458480881,9,23.4484899976164,"aCRN",419,62
0.297037328250497,0.23949360686146,5,16.4912217873511,"aCRN",420,62
0.592764833400657,0.6414107873855,1,44.0706004245708,"aCRN",421,62
0.317082279453487,0.271612241955468,10,23.5716728803078,"aCRN",422,62
0.41325096972551,0.279460525407213,3,21.5408890482751,"aCRN",423,62
0.584211890813421,0.452427355618625,2,14.6854814812669,"aCRN",424,63
0.320669565927936,0.237882613287287,6,14.6746902745327,"aCRN",425,63
0.648229338996851,0.558877222366266,4,23.6628547109031,"aCRN",426,63
0.457215014518283,0.375740805712064,3,24.8374916225252,"aCRN",427,63
0.552288137885454,0.471654367795868,9,13.3605744822238,"aCRN",428,63
0.626129353540923,0.487931870485113,2,26.9033841590221,"aCRN",429,64
0.495714658060606,0.344753340465541,2,12.4820663432791,"aCRN",430,64
0.626129353540923,0.487931870485113,10,21.3316573186519,"aCRN",431,64
0.400889133067664,0.28305483500694,5,18.7019350933967,"aCRN",432,64
0.222930598612355,0.0981973888044819,1,36.0241942901909,"aCRN",433,64
0.388946130370357,0.267132876962938,3,13.9088261742159,"aCRN",434,64
0.495714658060606,0.344753340465541,10,25.0547914431038,"aCRN",435,64
0.363589896707024,0.257608131720425,10,13.021307747133,"aCRN",436,65
0.363589896707024,0.257608131720425,8,24.0523356762945,"aCRN",437,65
0.389026123891493,0.215535106882759,10,27.5314401733691,"aCRN",438,66
0.6837987579206,0.579196663854289,4,20.8279134864254,"aCRN",439,66
0.589584318459858,0.409651249592914,4,16.4695939461929,"aCRN",440,66
0.389026123891493,0.215535106882759,5,34.3483897903252,"aCRN",441,66
0.631383997033333,0.541663254259629,2,24.6550458756157,"aCRN",442,67
0.383948360070495,0.200475035309939,2,24.7041905291991,"aCRN",443,67
0.408030418027469,0.299870830000134,2,20.1636866030432,"aCRN",444,67
0.459518553563,0.381591135772964,2,29.3422953606173,"aCRN",445,67
0.68136551778949,0.467509307276947,4,14.2498914360985,"aCRN",446,67
0.490169828097682,0.404120131636622,6,23.8209076981621,"aCRN",447,67
0.57925759042087,0.468731156980612,1,24.5729868589131,"aCRN",448,67
0.563296054578204,0.398054362405585,6,34.4134730696114,"aCRN",449,68
0.838608237447076,0.687286503551602,4,12.923614122226,"aCRN",450,68
0.316007791024438,0.05594839246382,8,43.32127275678,"aCRN",451,68
0.549947265329092,0.46625805798204,8,30.0555591141367,"aCRN",452,68
0.233062536735638,0.111111331745241,3,28.5485516616903,"aCRN",453,68
0.673414542515304,0.423041935442974,4,28.218910870072,"aCRN",454,68
0.54327290068581,0.44321335691292,1,24.8946294259912,"aCRN",455,68
0.841834918447053,0.778496198215746,9,34.2291347154195,"aCRN",456,68
0.292270786888659,0.158957921490008,2,34.3313787133059,"aCRN",457,68
0.738479733850855,0.633494875492513,4,17.4211093075312,"aCRN",458,69
0.277182053236174,0.137257803324494,10,17.0447866655833,"aCRN",459,69
0.434787060468497,0.381878676410628,10,17.8699925479382,"aCRN",460,69
0.281778275046922,0.132273487710722,1,21.8258181206035,"aCRN",461,69
0.277182053236174,0.137257803324494,6,16.4741020879428,"aCRN",462,69
0.389792248044194,0.235699669051097,2,21.8776978534382,"aCRN",463,70
0.283032796758399,0.157819077210383,3,18.3491980562348,"aCRN",464,70
0.389792248044194,0.235699669051097,10,17.4270757815828,"aCRN",465,70
0.389792248044194,0.235699669051097,1,15.5375622793332,"aCRN",466,70
0.508267954635758,0.340740928467128,2,19.0075545168986,"aCRN",467,70
0.614513763302206,0.458573573593865,9,27.0809201768286,"aCRN",468,70
0.449861957923827,0.359545142433306,4,28.2034686441997,"aCRN",469,71
0.510007182210672,0.299819088309172,2,27.1022997818515,"aCRN",470,71
0.377670003902798,0.296570129624388,6,14.8080122812879,"aCRN",471,71
0.449861957923827,0.359545142433306,3,18.6757109159952,"aCRN",472,71
0.782820002201832,0.773195358375305,9,31.0693889655569,"aCRN",473,71
0.787167018344899,0.676365171249601,9,39.1866566500121,"aCRN",474,71
0.729403360631502,0.633277983832238,4,24.5401267678506,"aCRN",475,72
0.654986673170754,0.555325303924888,4,21.4510725804442,"aCRN",476,72
0.491182199718724,0.363227762728568,2,11.6949680302138,"aCRN",477,73
0.383830235895013,0.311485578223053,2,38.1906369739397,"aCRN",478,73
0.605053358284224,0.552016717756698,1,29.0879513010299,"aCRN",479,73
0.89998496639126,0.825821842711985,4,20.7965153212011,"aCRN",480,73
0.531290620099066,0.385602048384872,4,21.8487147593094,"aCRN",481,73
0.531290620099066,0.385602048384872,9,14.12917773143,"aCRN",482,73
0.434565414096553,0.364713143399763,10,15.1131049289701,"aCRN",483,74
0.86979898876051,0.729606245683718,4,17.2135682150177,"aCRN",484,74
0.482256983201792,0.31655886809077,10,26.104322315746,"aCRN",485,74
0.633795553529477,0.577748699748196,10,22.4181680211774,"aCRN",486,74
0.451784191912022,0.295168282441656,10,22.9502259528556,"aCRN",487,75
0.568734599503126,0.327693918392196,4,23.2728116560126,"aCRN",488,75
0.587672755614582,0.449807896016363,8,32.9122746370131,"aCRN",489,75
0.587672755614582,0.449807896016363,10,38.5305587864495,"aCRN",490,75
0.218779773460249,0.049542190419992,10,24.9387368176379,"aCRN",491,75
0.451784191912022,0.295168282441656,5,29.9213490456709,"aCRN",492,75
0.451784191912022,0.295168282441656,9,17.6988000935791,"aCRN",493,75
0.291377347488834,0.273624818043913,6,53.3004746138288,"aCRN",494,75
0.312605184623792,0.210020594811624,3,22.6833563095356,"aCRN",495,76
0.602065411844589,0.451403914727553,2,30.8064863942709,"aCRN",496,76
0.290362037621411,0.203956214303972,6,25.8822543281862,"aCRN",497,76
0.63060602428576,0.437434276099446,4,14.6023190888392,"aCRN",498,76
0.675270894435566,0.594875272550233,7,46.7328620570108,"aCRN",499,76
0.226206163919851,0.130733024190963,10,31.9568087230621,"aCRN",500,76
0.488514540805923,0.350176604919999,2,12.4248234443698,"aCRN",501,77
0.488514540805923,0.350176604919999,9,13.3783481050465,"aCRN",502,77
0.476986381621903,0.394800093117834,9,33.2824694437962,"aCRN",503,78
0.558959586179963,0.628780945194086,10,38.2662636103013,"aCRN",504,78
0.269115820924503,0.00133293133181031,10,45.5594487053633,"aCRN",505,78
0.499891185584439,0.380056295205688,6,30.490868621719,"aCRN",506,78
0.875164719670821,0.970705841483965,9,31.5536632321247,"aCRN",507,78
0.499891185584439,0.380056295205688,4,20.5411926153134,"aCRN",508,78
0.836877054141292,0.801956639117454,4,19.8830740496375,"aCRN",509,78
0.591602590407413,0.482298003814771,2,12.3721181262827,"aCRN",510,78
0.42896183162288,0.331904343297578,8,18.6021397683276,"aCRN",511,79
0.626873048251969,0.534276504926025,10,20.3742217247945,"aCRN",512,79
0.42896183162288,0.331904343297578,2,13.6222008660731,"aCRN",513,79
0.632468381272405,0.538072924310566,5,33.9325189395683,"aCRN",514,79
0.409931163193265,0.243747535497556,8,26.9151582305261,"aCRN",515,80
0.411642108183835,0.329166847218941,5,19.6667785419428,"aCRN",516,80
0.214552952307151,0.0535646907493179,5,30.8479182345574,"aCRN",517,80
0.266754938495989,0.0501616152145323,5,34.0011648024122,"aCRN",518,80
0.409931163193265,0.243747535497556,2,17.1446957995587,"aCRN",519,80
0.56653256141019,0.413381689178055,2,29.0916952526536,"aCRN",520,80
0.543993484471651,0.441555851773768,3,40.6680598149077,"aCRN",521,81
0.30870335320004,0.123836407346787,8,18.0694479853439,"aCRN",522,81
0.479560139069342,0.421855046207272,10,20.7824659530362,"aCRN",523,81
0.314436027353658,0.244447344841421,5,25.7535924630424,"aCRN",524,81
0.543993484471651,0.441555851773768,2,19.2821674144278,"aCRN",525,81
0.569372108195815,0.497325984643817,2,18.1754376743303,"aCRN",526,82
0.657304326372061,0.44688475174425,4,22.8351821660011,"aCRN",527,82
0.563522677306841,0.400955092315663,2,34.484176310905,"aCRN",528,82
0.901170183621964,0.922663590456551,7,50.6260802353886,"aCRN",529,82
0.413028778712502,0.30485060796989,3,14.0955017050416,"aCRN",530,83
0.895745256460543,0.779657337043174,4,18.4894939394948,"aCRN",531,83
0.36923867753794,0.192378809971703,1,17.173834576454,"aCRN",532,83
0.61718340136234,0.561743946261823,10,36.2569214969452,"aCRN",533,83
0.628729416726545,0.498154490221511,9,24.056863329772,"aCRN",534,83
0.844798175726269,0.684840756643718,4,41.9295732021075,"aCRN",535,84
0.436134802665947,0.298793791558039,6,30.9602108110611,"aCRN",536,84
0.397735947916638,0.289384443838192,6,16.5601214899643,"aCRN",537,84
0.515807467728044,0.319501346141003,9,29.2454616941325,"aCRN",538,84
0.591818373577922,0.779798928129597,8,71.0020917276595,"aCRN",539,84
0.6102650918844,0.535551376970373,4,43.9818819583026,"aCRN",540,85
0.376668944070306,0.258932310466979,2,16.7668933577836,"aCRN",541,85
0.283580784121403,0.21070400267909,5,24.3375601012749,"aCRN",542,85
0.348720292256937,0.200850803424104,2,16.4241430597619,"aCRN",543,85
0.294259206403065,0.140047922257126,2,30.2452025489618,"aCRN",544,85
0.452505207280427,0.395954153413344,10,16.3386197412604,"aCRN",545,85
0.908375846670739,0.951965456850024,8,54.4177096974218,"aCRN",546,86
0.403083756309508,0.247740196702185,9,21.784725323624,"aCRN",547,86
0.381832958763725,0.225399107376768,6,21.4524572203764,"aCRN",548,86
0.403083756309508,0.247740196702185,5,13.0125605732795,"aCRN",549,86
0.338248725380339,0.238979799819311,3,13.5726866088545,"aCRN",550,86
0.348642996669854,0.273729867072426,10,18.5994783276146,"aCRN",551,87
0.512915415449003,0.404478644781698,4,33.0705815844934,"aCRN",552,87
0.268918459026977,0.10350669207896,4,37.3972519771914,"aCRN",553,87
0.448013470302339,0.360950087681216,5,19.2564763440282,"aCRN",554,87
0.462345607068518,0.314468770965588,8,32.1210581431811,"aCRN",555,87
0.366321014214164,0.266903097214854,1,24.9597696105133,"aCRN",556,88
0.478481932270624,0.343812841958898,8,28.3927546189426,"aCRN",557,88
0.177891727180463,0.0420228023182494,3,28.3269455039572,"aCRN",558,88
0.478481932270624,0.343812841958898,4,22.0983400657915,"aCRN",559,88
0.293162854950038,0.187904147482638,6,15.6790204785987,"aCRN",560,89
0.610018908865966,0.515776160932463,2,15.4140863954352,"aCRN",561,89
0.345803218024191,0.168070300096233,9,23.1773190600613,"aCRN",562,89
0.293162854950038,0.187904147482638,8,26.6049202625796,"aCRN",563,89
0.412438947520848,0.339057752295149,5,27.5984287111917,"aCRN",564,89
0.372726643439529,0.296436740796985,6,15.0983573954124,"aCRN",565,89
0.381591231478296,0.201859257490422,2,25.0486655046602,"aCRN",566,90
0.482004648818956,0.38754220324354,2,11.5677085539064,"aCRN",567,90
0.647798035328155,0.503904204154361,10,43.3514305952349,"aCRN",568,90
0.694527447581204,0.464889148088039,4,21.223002652409,"aCRN",569,90
0.555272207759531,0.47972432590537,10,22.6256666659616,"aCRN",570,90
0.825059229913087,0.78698023234793,7,35.6073193054295,"aCRN",571,90
0.318959501150079,0.213832077308254,10,16.0336897787375,"aCRN",572,91
0.311325695753165,0.153203788724743,5,18.7769608144061,"aCRN",573,91
0.728983858267709,0.585789594459608,2,39.6294719811525,"aCRN",574,91
0.115695614100149,0.0358883391920479,5,49.1312648739966,"aCRN",575,92
0.576119726191915,0.570126802933484,2,36.3338480600594,"aCRN",576,92
0.173776973137814,0.0702696487316543,9,52.0491960733419,"aCRN",577,92
0.824199602072693,0.731164535095274,5,53.1430909790904,"aCRN",578,92
0.73901106091226,0.622348185540707,1,39.9073183690152,"aCRN",579,92
0.164659674272867,0.04730065893885,6,29.6016456593645,"aCRN",580,92
0.633467506490412,0.409253161678293,4,20.6047192518011,"aCRN",581,92
0.797884783415734,0.517136351374168,4,38.2656167563333,"aCRN",582,92
0.515611693669663,0.421057139528759,2,13.0683655526551,"aCRN",583,93
0.32233015994126,0.209013535684821,8,17.0529170583223,"aCRN",584,93
0.890871782854149,0.761259521484407,4,36.2405330758774,"aCRN",585,93
0.446133303886448,0.370396506074377,3,20.1307606600564,"aCRN",586,93
0.32233015994126,0.209013535684821,1,19.399142575724,"aCRN",587,93
0.451386477819836,0.318544057620245,5,22.528749509359,"aCRN",588,93
0.234986822805871,0.177365158730359,8,33.0364335332078,"aCRN",589,94
0.479275158113742,0.358423529225978,1,15.7549300786191,"aCRN",590,94
0.665202264316469,0.512576898600872,2,30.2463482780718,"aCRN",591,94
0.541453412009835,0.515616538279912,8,33.6293130032314,"aCRN",592,94
0.75569719518863,0.724568834248113,4,20.5828439567163,"aCRN",593,94
0.242018512590909,0.0641312217380172,3,21.712568792392,"aCRN",594,94
0.804574655519288,0.735777531920517,4,30.7423016202576,"aCRN",595,95
0.213027916988613,0.0616096755382971,8,18.9072776600665,"aCRN",596,95
0.550138219701148,0.425968720035903,10,25.1279892069413,"aCRN",597,95
0.245883972864068,0.0772360646164052,8,29.2853831008976,"aCRN",598,95
0.512662548628013,0.313825981147447,4,17.6884478719534,"aCRN",599,96
0.407478687640616,0.309622387908297,2,23.0859350263229,"aCRN",600,96
0.549625917399327,0.449572097200714,2,14.906640157731,"aCRN",601,96
0.506583347866404,0.428152448950429,10,17.6304192567368,"aCRN",602,96
0.289713599990033,0.126655652174888,8,16.1220591761477,"aCRN",603,97
0.868201277097294,0.794889564394279,4,28.2595817448886,"aCRN",604,97
0.31097355680799,0.217029859076573,3,22.1839742352737,"aCRN",605,97
0.391306911762741,0.338904448240819,3,26.2701125212891,"aCRN",606,97
0.900663177199416,0.916402463368722,4,27.3561041751848,"aCRN",607,97
0.461682636644628,0.428528903396372,8,34.6991311558416,"aCRN",608,97
0.334207142398611,0.228375402284512,1,29.4601593698848,"aCRN",609,98
0.752213261613471,0.602617648192556,4,11.9221899775748,"aCRN",610,98
0.40485475269794,0.298395137850014,5,15.8956996488589,"aCRN",611,98
0.513052560712219,0.389341990484132,8,15.270822499197,"aCRN",612,98
0.892295756619235,0.868492004545501,9,28.6159271582927,"aCRN",613,98
0.426223046232587,0.290806388490244,2,19.5318982565687,"aCRN",614,99
0.845447673594987,0.990472603356005,2,70.8870248848808,"aCRN",615,99
0.338662181879515,0.189705607995669,2,17.9655886693875,"aCRN",616,99
0.836597977252365,0.780968300362986,4,24.0368940844636,"aCRN",617,100
0.430894028549096,0.397182052501412,10,23.984731116539,"aCRN",618,100
0.234705497247802,0.106610075018253,8,23.5403592761768,"aCRN",619,100
0.200527857309441,0.0661304928353187,4,51.5313035690419,"aCRN",620,100
0.425882073041356,0.359604689529078,1,18.1593605679722,"aCRN",621,100
0.366383982392802,0.330763668742738,10,29.5373567799245,"aCRN",622,100
0.316681277754472,0.0669216391884677,3,51.4821895570124,"aCRN",623,100
0.425882073041356,0.359604689529078,3,26.4713557126817,"aCRN",624,100
0.669831176771828,0.547414734608812,4,14.5094711301015,"aCRN",625,101
0.420084736281674,0.309984149025914,1,11.4675607909899,"aCRN",626,101
0.788452447737725,0.722502407754504,4,17.710823451402,"aCRN",627,101
0.428032907183345,0.322484706653703,3,14.1211168323918,"aCRN",628,102
0.549535539231859,0.420598610363637,2,13.0933434830205,"aCRN",629,102
0.700267721937754,0.616366039736985,4,21.524335755209,"aCRN",630,102
0.544793561817201,0.415774842471738,4,17.2950516588181,"aCRN",631,103
0.544793561817201,0.415774842471738,2,15.4817043091784,"aCRN",632,103
0.765229854206713,0.577713366939069,4,35.6131580978572,"aCRN",633,104
0.276167498580943,0.142304507983962,8,23.3897244088252,"aCRN",634,104
0.344156351977747,0.233682059665014,3,13.6642918326245,"aCRN",635,104
0.416019999541354,0.375825170343989,10,29.7043184512533,"aCRN",636,104
0.44708989338474,0.304536818951024,6,31.048827722964,"aCRN",637,105
0.47906823941514,0.400231416658639,3,17.1452732856494,"aCRN",638,105
0.450785200153744,0.409451260769535,10,17.934424004033,"aCRN",639,105
0.878357616174567,0.840068251501612,4,23.6611809753553,"aCRN",640,105
0.901558603070601,0.793881506978628,4,17.1423856606545,"aCRN",641,105
0.47906823941514,0.400231416658639,1,19.2279190576393,"aCRN",642,105
0.568911546290074,0.482479083974064,9,16.3222498934479,"aCRN",643,106
0.324341873434576,0.227567280747949,8,22.1859825516513,"aCRN",644,106
0.487990073994277,0.305205992036272,2,13.4138246995146,"aCRN",645,106
0.837249991681963,0.722797196400588,4,19.8122374424306,"aCRN",646,106
0.486270127970767,0.363076010119058,1,19.959860711036,"aCRN",647,107
0.326994940873895,0.266920228964438,6,35.5063792901646,"aCRN",648,107
0.914330794091001,0.820207773979488,4,20.2621434069929,"aCRN",649,107
0.368230597964196,0.196980659657942,3,27.1765405531249,"aCRN",650,107
0.368230597964196,0.196980659657942,8,17.9675174458888,"aCRN",651,107
0.47001961152614,0.349552501544756,7,39.4203043625947,"aCRN",652,108
0.420646494277506,0.260326664366933,2,13.8856717946277,"aCRN",653,108
0.47001961152614,0.349552501544756,4,16.9384441755761,"aCRN",654,108
0.389451725570025,0.218125412876979,1,20.6160083910586,"aCRN",655,108
0.47001961152614,0.349552501544756,5,27.174901058233,"aCRN",656,108
0.749141358438442,0.568273372184609,4,12.6491106406735,"aCRN",657,109
0.533888651423667,0.364093807951312,9,14.6773888200271,"aCRN",658,109
0.679303878657551,0.523428296710977,7,15.8679576256026,"aCRN",659,109
0.438898224376213,0.334304261194092,5,19.277031939488,"aCRN",660,109
0.758346763078238,0.689831751038191,4,22.4228048695479,"aCRN",661,109
0.633334464311136,0.483812240392535,2,26.9386909352873,"aCRN",662,110
0.242354852201424,0.0977151531408816,10,18.838816048229,"aCRN",663,110
0.445844625925387,0.317833900572449,1,18.3651089766103,"aCRN",664,110
0.270927566427577,0.191234048437768,10,25.8529734774119,"aCRN",665,110
0.582537441836363,0.536161887138998,2,21.8507538896157,"aCRN",666,111
0.772640501225912,0.570934570576103,7,37.5399457212244,"aCRN",667,111
0.696418022674994,0.51453351315433,7,18.6438745813723,"aCRN",668,111
0.954631990181141,0.912634556204461,4,20.0864468369758,"aCRN",669,111
0.59254825622204,0.535814809759731,10,22.6894663046119,"aCRN",670,111
0.31131579088828,0.25182736090072,5,37.0097659041128,"aCRN",671,111
0.344228064110877,0.250534780599674,2,24.4335834457412,"aCRN",672,111
0.362951744294183,0.15022510798301,2,27.2992220539794,"aCRN",673,112
0.688674175683402,0.533271724293178,7,16.0633029906771,"aCRN",674,112
0.236778735548756,0.0647935742203752,3,27.1772691857743,"aCRN",675,112
0.455768338604574,0.401817003851362,8,29.6532769130693,"aCRN",676,112
0.530917202950317,0.440622256030359,1,22.8678943949679,"aCRN",677,112
0.53288026847385,0.36939179961523,10,33.7446732136648,"aCRN",678,112
0.553232482211407,0.305434661097568,4,26.0844022282275,"aCRN",679,112
0.445602084638214,0.360847062094098,10,13.0600289599849,"aCRN",680,113
0.445602084638214,0.360847062094098,1,22.7778770557819,"aCRN",681,113
0.894187783580159,0.804012657010609,4,21.0858687605263,"aCRN",682,113
0.319906999199439,0.13033907403137,10,26.4320537481773,"aCRN",683,114
0.511168112380911,0.398986237488912,8,18.8309309487354,"aCRN",684,114
0.227036874501787,0.0883815278627817,10,21,"aCRN",685,114
0.580293474096043,0.422768083051557,2,29.8234076450756,"aCRN",686,114
0.860661120976059,0.791560930273706,4,16.6102676106982,"aCRN",687,114
0.391659848616815,0.209611253941087,1,18.8915613200421,"aCRN",688,114
0.435923842494626,0.25261750675256,2,21.2052674195973,"aCRN",689,114
0.431018784994382,0.346293507775297,10,34.2843381383418,"aCRN",690,115
0.172902734000543,0.0487426461284963,2,45.7841470250553,"aCRN",691,116
0.653014412549978,0.529022370572069,7,28.4328286066346,"aCRN",692,116
0.216346402274573,0.0694116150468496,8,21.0428605516935,"aCRN",693,116
0.43102043388135,0.232304503984361,2,23.8798560454722,"aCRN",694,116
0.851562076308846,0.768159986466168,4,18.4200170929066,"aCRN",695,116
0.798243952666743,0.724289590680109,4,17.4721844004341,"aCRN",696,116
0.814665046512098,0.855705734664098,4,34.747319862455,"aCRN",697,116
0.57252320853779,0.490971373958328,2,20.5814008125283,"aCRN",698,117
0.0807335856043539,0.0199594505900647,6,73.1863212886286,"aCRN",699,117
0.604348190298101,0.480513171130455,4,23.9760606678519,"aCRN",700,117
0.84119491497986,0.835311350505799,1,43.4504383644102,"fHet",1,1
0.84119491497986,0.835311350505799,2,41.6864771387272,"fHet",2,1
0.84119491497986,0.835311350505799,3,59.8189512670781,"fHet",3,1
0.84119491497986,0.835311350505799,4,20.5346844954271,"fHet",4,1
0.84119491497986,0.835311350505799,5,42.0037716364039,"fHet",5,1
0.84119491497986,0.835311350505799,6,32.277264168114,"fHet",6,1
0.84119491497986,0.835311350505799,7,38.8557882075209,"fHet",7,1
0.84119491497986,0.835311350505799,8,55.7100876088536,"fHet",8,1
0.84119491497986,0.835311350505799,9,34.1202010370965,"fHet",9,1
0.84119491497986,0.835311350505799,10,35.2962006762515,"fHet",10,1
0.137404569331557,0.676820743642747,1,112.308979742018,"fHet",11,1
0.137404569331557,0.676820743642747,2,112.669849780254,"fHet",12,1
0.137404569331557,0.676820743642747,3,111.578902509159,"fHet",13,1
0.137404569331557,0.676820743642747,4,112.590337766683,"fHet",14,1
0.137404569331557,0.676820743642747,5,111.586799673555,"fHet",15,1
0.137404569331557,0.676820743642747,6,110.696802926814,"fHet",16,1
0.137404569331557,0.676820743642747,7,112.701963928174,"fHet",17,1
0.137404569331557,0.676820743642747,8,111.245246866979,"fHet",18,1
0.137404569331557,0.676820743642747,9,110.438684211181,"fHet",19,1
0.137404569331557,0.676820743642747,10,109.033467475372,"fHet",20,1
0.353968283999711,0.499539848417044,1,86.1557420093874,"fHet",21,1
0.353968283999711,0.499539848417044,2,93.754366234959,"fHet",22,1
0.353968283999711,0.499539848417044,3,56.562853849886,"fHet",23,1
0.353968283999711,0.499539848417044,4,100.446872810585,"fHet",24,1
0.353968283999711,0.499539848417044,5,64.819704252688,"fHet",25,1
0.353968283999711,0.499539848417044,6,77.5991221752942,"fHet",26,1
0.353968283999711,0.499539848417044,7,107.307322145968,"fHet",27,1
0.353968283999711,0.499539848417044,8,69.9861372411751,"fHet",28,1
0.353968283999711,0.499539848417044,9,76.7347882174199,"fHet",29,1
0.353968283999711,0.499539848417044,10,74.1796721641194,"fHet",30,1
0.543523701652884,0.198381218966097,1,66.4506069823055,"fHet",31,1
0.543523701652884,0.198381218966097,2,85.6807914284292,"fHet",32,1
0.543523701652884,0.198381218966097,3,91.9190883977925,"fHet",33,1
0.543523701652884,0.198381218966097,4,56.7928317886532,"fHet",34,1
0.543523701652884,0.198381218966097,5,71.3859264494725,"fHet",35,1
0.543523701652884,0.198381218966097,6,77.3267466183225,"fHet",36,1
0.543523701652884,0.198381218966097,7,51.8875402354281,"fHet",37,1
0.543523701652884,0.198381218966097,8,98.7835918551354,"fHet",38,1
0.543523701652884,0.198381218966097,9,65.1499413007038,"fHet",39,1
0.543523701652884,0.198381218966097,10,90.5452679302152,"fHet",40,1
0.676007035886869,0.355489044263959,1,84.5967721688371,"fHet",41,1
0.676007035886869,0.355489044263959,2,80.9753660133136,"fHet",42,1
0.676007035886869,0.355489044263959,3,87.0393105680325,"fHet",43,1
0.676007035886869,0.355489044263959,4,42.1677461086218,"fHet",44,1
0.676007035886869,0.355489044263959,5,68.9064511486478,"fHet",45,1
0.676007035886869,0.355489044263959,6,84.0819378774521,"fHet",46,1
0.676007035886869,0.355489044263959,7,72.3881178368411,"fHet",47,1
0.676007035886869,0.355489044263959,8,77.0109288888066,"fHet",48,1
0.676007035886869,0.355489044263959,9,68.7343861657625,"fHet",49,1
0.676007035886869,0.355489044263959,10,78.1236009775725,"fHet",50,1
0.889937492262106,0.973574057451915,589,42.1545952535438,"fHet",51,2
0.889937492262106,0.973574057451915,117,44.7136101281597,"fHet",52,2
0.807845462299883,0.964183216358069,875,43.5255700425021,"fHet",53,2
0.807845462299883,0.964183216358069,939,63.9414955368198,"fHet",54,2
0.923214921203908,0.991548316113185,219,55.3840774916759,"fHet",55,2
0.849894998334348,0.211764520364813,512,160.233462099019,"fHet",56,2
0.973900789336767,0.766896278487984,659,75.0904405195877,"fHet",57,2
0.807845462299883,0.964183216358069,424,49.2733334181747,"fHet",58,2
0.807845462299883,0.964183216358069,433,83.2778363059583,"fHet",59,2
0.890771516691893,0.753636968098581,907,50.364316300687,"fHet",60,2
0.854849896805827,0.81108806316508,594,36.1421834667273,"fHet",61,3
0.890771516691893,0.753636968098581,338,17.8940777857363,"fHet",62,3
0.432986525420565,0.601922095350455,160,79.441677965787,"fHet",63,3
0.849894998334348,0.211764520364813,740,176.124618347688,"fHet",64,3
0.597058590063825,0.904758250387385,352,91.1501861525448,"fHet",65,3
0.854849896805827,0.81108806316508,264,30.2345615624121,"fHet",66,3
0.854849896805827,0.81108806316508,547,47.7927663444112,"fHet",67,3
0.820644575387705,0.837547056216281,50,27.8322414362612,"fHet",68,3
0.597058590063825,0.904758250387385,606,83.3337557745068,"fHet",69,3
0.741771945357323,0.79493318728637,549,45.8437941857623,"fHet",70,3
0.973900789336767,0.766896278487984,538,106.012188725711,"fHet",71,4
0.854849896805827,0.81108806316508,178,28.7145390434053,"fHet",72,4
0.890771516691893,0.753636968098581,11,30.2103188718132,"fHet",73,4
0.761411443257239,0.631933098623995,589,37.3992375630444,"fHet",74,4
0.761411443257239,0.631933098623995,369,40.7972528681057,"fHet",75,4
0.00747635063482448,0.987929090238176,155,112.70736664056,"fHet",76,4
0.854849896805827,0.81108806316508,974,42.3735159207393,"fHet",77,4
0.854849896805827,0.81108806316508,192,26.0845920150969,"fHet",78,4
0.114425924671814,0.091567141325213,47,68.6736434662578,"fHet",79,4
0.854849896805827,0.81108806316508,689,26.31022088034,"fHet",80,4
0.854849896805827,0.81108806316508,645,46.7884431867698,"fHet",81,5
0.810479591316544,0.491386282467283,691,84.4964701354236,"fHet",82,5
0.890771516691893,0.753636968098581,709,43.9260179108572,"fHet",83,5
0.854849896805827,0.81108806316508,851,29.5009649112206,"fHet",84,5
0.854849896805827,0.81108806316508,320,28.1064102480147,"fHet",85,5
0.890771516691893,0.753636968098581,690,50.4709503742813,"fHet",86,5
0.890771516691893,0.753636968098581,298,75.4650925794158,"fHet",87,5
0.890771516691893,0.753636968098581,838,37.876558230208,"fHet",88,5
0.820644575387705,0.837547056216281,847,33.4983374790658,"fHet",89,5
0.854849896805827,0.81108806316508,911,43.7410245390157,"fHet",90,5
0.014706784975715,0.396035880676936,895,111.281064191195,"fHet",91,6
0.579815634603146,0.533270137268119,352,21.6986562525958,"fHet",92,6
0.890771516691893,0.753636968098581,303,64.9662517110703,"fHet",93,6
0.854849896805827,0.81108806316508,661,46.5596604390326,"fHet",94,6
0.372678781289142,0.167621515295468,179,34.3712981805148,"fHet",95,6
0.761411443257239,0.631933098623995,66,27.493113449166,"fHet",96,6
0.321763507137075,0.0181343520851806,220,65.6180064637537,"fHet",97,6
0.321763507137075,0.0181343520851806,161,48.42785795121,"fHet",98,6
0.854849896805827,0.81108806316508,203,44.216165674227,"fHet",99,6
0.820644575387705,0.837547056216281,545,63.6550107692993,"fHet",100,6
0.579815634603146,0.533270137268119,328,30.2741598145225,"fHet",101,7
0.761411443257239,0.631933098623995,689,45.5977895938124,"fHet",102,7
0.563515734092798,0.551478457069024,105,30.1737542500855,"fHet",103,7
0.649284832263365,0.66230466414243,935,33.3307754794185,"fHet",104,7
0.579815634603146,0.533270137268119,745,16.9717295512389,"fHet",105,7
0.649284832263365,0.66230466414243,148,30.4102314726117,"fHet",106,7
0.761411443257239,0.631933098623995,698,33.0031501646749,"fHet",107,7
0.579815634603146,0.533270137268119,88,29.563490998189,"fHet",108,7
0.649284832263365,0.66230466414243,41,48.1321407200743,"fHet",109,7
0.820644575387705,0.837547056216281,194,49.182021991056,"fHet",110,7
0.579815634603146,0.533270137268119,994,20.9088071831413,"fHet",111,8
0.579815634603146,0.533270137268119,706,21.8826754568201,"fHet",112,8
0.333728667080868,0.22934691370232,640,23.821738969369,"fHet",113,8
0.579815634603146,0.533270137268119,216,25.2745322448907,"fHet",114,8
0.528803190689068,0.473730633719824,201,28.903047220213,"fHet",115,8
0.579815634603146,0.533270137268119,940,21.479900805494,"fHet",116,8
0.579815634603146,0.533270137268119,699,19.4198020811564,"fHet",117,8
0.563515734092798,0.551478457069024,709,51.3598255757194,"fHet",118,8
0.196737122328486,0.330948578554671,888,82.1808558565006,"fHet",119,8
0.528803190689068,0.473730633719824,924,22.5619060356255,"fHet",120,8
0.579815634603146,0.533270137268119,63,21.3502150614067,"fHet",121,9
0.464056896127295,0.369960773715284,654,12.1439387154561,"fHet",122,9
0.579815634603146,0.533270137268119,368,61.9700502558524,"fHet",123,9
0.353744868645445,0.286314202283975,611,43.0715499586628,"fHet",124,9
0.661091009634547,0.483332779845223,175,19.3937828151495,"fHet",125,9
0.579815634603146,0.533270137268119,653,29.0532116797935,"fHet",126,9
0.661091009634547,0.483332779845223,286,33.8897455211034,"fHet",127,9
0.333728667080868,0.22934691370232,690,27.6985183862256,"fHet",128,9
0.579815634603146,0.533270137268119,829,41.4007222398378,"fHet",129,9
0.625069394970778,0.456814425147604,292,25.969326918387,"fHet",130,9
0.579815634603146,0.533270137268119,83,21.4686047543619,"fHet",131,10
0.528803190689068,0.473730633719824,409,33.4030294470071,"fHet",132,10
0.528803190689068,0.473730633719824,661,22.5546640694808,"fHet",133,10
0.58333520805696,0.438648075503297,854,29.9122478970977,"fHet",134,10
0.333728667080868,0.22934691370232,278,13.0456168429048,"fHet",135,10
0.625069394970778,0.456814425147604,883,37.7824675145119,"fHet",136,10
0.528803190689068,0.473730633719824,9,27.6296225020169,"fHet",137,10
0.661091009634547,0.483332779845223,935,55.4139239749093,"fHet",138,10
0.528803190689068,0.473730633719824,487,18.1266173740647,"fHet",139,10
0.528803190689068,0.473730633719824,682,45.8968926233056,"fHet",140,10
0.464056896127295,0.369960773715284,803,12.3785186016856,"fHet",141,11
0.528803190689068,0.473730633719824,907,17.9418753503949,"fHet",142,11
0.579815634603146,0.533270137268119,822,35.7679540182754,"fHet",143,11
0.464056896127295,0.369960773715284,128,43.6644495947887,"fHet",144,11
0.464056896127295,0.369960773715284,620,25.2390550732411,"fHet",145,11
0.353744868645445,0.286314202283975,469,45.8067399597764,"fHet",146,11
0.353744868645445,0.286314202283975,556,33.3208227347821,"fHet",147,11
0.464056896127295,0.369960773715284,812,19.2690692484866,"fHet",148,11
0.579815634603146,0.533270137268119,880,25.3087860922911,"fHet",149,11
0.528803190689068,0.473730633719824,287,25.8357339457359,"fHet",150,11
0.579815634603146,0.533270137268119,929,24.1273436762377,"fHet",151,12
0.528803190689068,0.473730633719824,726,21.2423544778439,"fHet",152,12
0.464056896127295,0.369960773715284,95,26.7481839857336,"fHet",153,12
0.528803190689068,0.473730633719824,320,19.8975096705369,"fHet",154,12
0.464056896127295,0.369960773715284,768,14.3530450075968,"fHet",155,12
0.464056896127295,0.369960773715284,957,20.256278821224,"fHet",156,12
0.389810180847999,0.202828839558642,180,23.4873043439756,"fHet",157,12
0.464056896127295,0.369960773715284,843,14.2192868601727,"fHet",158,12
0.464056896127295,0.369960773715284,87,25.285498524719,"fHet",159,12
0.372678781289142,0.167621515295468,195,29.1849683268224,"fHet",160,12
0.464056896127295,0.369960773715284,808,13.0581335375753,"fHet",161,13
0.333728667080868,0.22934691370232,325,23.2240486488374,"fHet",162,13
0.464056896127295,0.369960773715284,943,20.8896203322072,"fHet",163,13
0.464056896127295,0.369960773715284,462,17.28503043757,"fHet",164,13
0.464056896127295,0.369960773715284,259,18.1781611983846,"fHet",165,13
0.464056896127295,0.369960773715284,543,14.5690571329299,"fHet",166,13
0.464056896127295,0.369960773715284,936,28.0690449985159,"fHet",167,13
0.464056896127295,0.369960773715284,673,19.09875326396,"fHet",168,13
0.389810180847999,0.202828839558642,759,18.2474737163724,"fHet",169,13
0.333728667080868,0.22934691370232,703,12.7372533837706,"fHet",170,13
0.464056896127295,0.369960773715284,53,38.3290857167398,"fHet",171,14
0.389810180847999,0.202828839558642,868,31.429002182981,"fHet",172,14
0.464056896127295,0.369960773715284,948,27.0991943908608,"fHet",173,14
0.389810180847999,0.202828839558642,488,41.7064232771675,"fHet",174,14
0.464056896127295,0.369960773715284,257,22.9398697416175,"fHet",175,14
0.464056896127295,0.369960773715284,527,28.3428444529332,"fHet",176,14
0.464056896127295,0.369960773715284,758,21.2213697638363,"fHet",177,14
0.464056896127295,0.369960773715284,760,15.6553220634675,"fHet",178,14
0.464056896127295,0.369960773715284,468,21.7267002775501,"fHet",179,14
0.464056896127295,0.369960773715284,2,12.8575593206163,"fHet",180,14
0.464056896127295,0.369960773715284,47,17.0197904607176,"fHet",181,15
0.464056896127295,0.369960773715284,846,52.5753584565211,"fHet",182,15
0.464056896127295,0.369960773715284,246,80.5393944564146,"fHet",183,15
0.464056896127295,0.369960773715284,916,16.9358135965834,"fHet",184,15
0.464056896127295,0.369960773715284,489,16.4211286258447,"fHet",185,15
0.464056896127295,0.369960773715284,337,31.1696094690878,"fHet",186,15
0.464056896127295,0.369960773715284,827,25.3627152870641,"fHet",187,15
0.464056896127295,0.369960773715284,110,56.7302109257772,"fHet",188,15
0.464056896127295,0.369960773715284,721,26.0682652941377,"fHet",189,15
0.464056896127295,0.369960773715284,547,12.8737202574596,"fHet",190,15
0.333728667080868,0.22934691370232,610,12.3412694117368,"fHet",191,16
0.464056896127295,0.369960773715284,919,26.2491866917853,"fHet",192,16
0.353744868645445,0.286314202283975,469,45.8067399597764,"fHet",193,16
0.528803190689068,0.473730633719824,490,22.3730743405001,"fHet",194,16
0.464056896127295,0.369960773715284,326,22.0842222250893,"fHet",195,16
0.464056896127295,0.369960773715284,624,31.507032061223,"fHet",196,16
0.464056896127295,0.369960773715284,890,55.5907963035552,"fHet",197,16
0.464056896127295,0.369960773715284,150,28.4961348777391,"fHet",198,16
0.464056896127295,0.369960773715284,982,18.4259287821577,"fHet",199,16
0.464056896127295,0.369960773715284,212,18.5771071722992,"fHet",200,16
0.464056896127295,0.369960773715284,50,15.6632255191377,"fHet",201,17
0.464056896127295,0.369960773715284,249,16.242591609045,"fHet",202,17
0.528803190689068,0.473730633719824,247,17.6326654561671,"fHet",203,17
0.464056896127295,0.369960773715284,391,35.6183010029484,"fHet",204,17
0.464056896127295,0.369960773715284,545,24.7938031222991,"fHet",205,17
0.372678781289142,0.167621515295468,329,22.4362683754198,"fHet",206,17
0.464056896127295,0.369960773715284,363,17.5637452872345,"fHet",207,17
0.528803190689068,0.473730633719824,461,22.022041164018,"fHet",208,17
0.528803190689068,0.473730633719824,709,34.6384437031778,"fHet",209,17
0.464056896127295,0.369960773715284,142,14.3447648021054,"fHet",210,17
0.528803190689068,0.473730633719824,8,20.3167979078329,"fHet",211,18
0.464056896127295,0.369960773715284,36,41.7493700669854,"fHet",212,18
0.464056896127295,0.369960773715284,28,30.064616879628,"fHet",213,18
0.452779660294764,0.237875405077357,17,29.3135997228739,"fHet",214,18
0.464056896127295,0.369960773715284,908,38.0745750774284,"fHet",215,18
0.333728667080868,0.22934691370232,553,18.8367136777682,"fHet",216,18
0.464056896127295,0.369960773715284,980,39.0418663326009,"fHet",217,18
0.528803190689068,0.473730633719824,83,19.2256017428906,"fHet",218,18
0.353744868645445,0.286314202283975,20,12.4773061322079,"fHet",219,18
0.333728667080868,0.22934691370232,910,39.4555772262608,"fHet",220,18
0.464056896127295,0.369960773715284,523,13.1627286587005,"fHet",221,19
0.464056896127295,0.369960773715284,589,31.9006812677494,"fHet",222,19
0.333728667080868,0.22934691370232,60,20.3934079817207,"fHet",223,19
0.333728667080868,0.22934691370232,174,27.9343289282787,"fHet",224,19
0.528803190689068,0.473730633719824,582,29.9504541362948,"fHet",225,19
0.389810180847999,0.202828839558642,822,34.6685865170345,"fHet",226,19
0.353744868645445,0.286314202283975,460,20.1487045992963,"fHet",227,19
0.58333520805696,0.438648075503297,949,34.2014995907698,"fHet",228,19
0.249863115891349,0.862936055490281,579,107.452499291363,"fHet",229,19
0.528803190689068,0.473730633719824,842,19.5166849157076,"fHet",230,19
0.464056896127295,0.369960773715284,618,28.2497699981875,"fHet",231,20
0.333728667080868,0.22934691370232,24,18.6048008283181,"fHet",232,20
0.464056896127295,0.369960773715284,409,24.278703539204,"fHet",233,20
0.333728667080868,0.22934691370232,907,31.6262204789345,"fHet",234,20
0.464056896127295,0.369960773715284,510,30.2887097875439,"fHet",235,20
0.333728667080868,0.22934691370232,571,14.4211752998742,"fHet",236,20
0.333728667080868,0.22934691370232,729,16.2291755370956,"fHet",237,20
0.233993511069566,0.108121315238532,484,33.9587694094174,"fHet",238,20
0.464056896127295,0.369960773715284,39,13.7095038221485,"fHet",239,20
0.528803190689068,0.473730633719824,508,26.0562985297088,"fHet",240,20
0.333728667080868,0.22934691370232,436,17.8752553121696,"fHet",241,21
0.333728667080868,0.22934691370232,318,13.6392706172397,"fHet",242,21
0.464056896127295,0.369960773715284,580,23.3645241787418,"fHet",243,21
0.528803190689068,0.473730633719824,29,18.4584092295931,"fHet",244,21
0.333728667080868,0.22934691370232,294,18.3936601217177,"fHet",245,21
0.333728667080868,0.22934691370232,733,21.2728619011488,"fHet",246,21
0.353744868645445,0.286314202283975,328,13.2358648682994,"fHet",247,21
0.333728667080868,0.22934691370232,557,23.2052827717064,"fHet",248,21
0.333728667080868,0.22934691370232,344,15.3322929766161,"fHet",249,21
0.389810180847999,0.202828839558642,950,28.6929804780345,"fHet",250,21
0.58333520805696,0.438648075503297,469,13.6087479145578,"fHet",251,22
0.333728667080868,0.22934691370232,532,24.0183510699384,"fHet",252,22
0.333728667080868,0.22934691370232,72,19.731865969884,"fHet",253,22
0.333728667080868,0.22934691370232,831,16.5008250618802,"fHet",254,22
0.333728667080868,0.22934691370232,433,46.5728429771073,"fHet",255,22
0.333728667080868,0.22934691370232,25,24.6620725362281,"fHet",256,22
0.464056896127295,0.369960773715284,632,15.6771259237056,"fHet",257,22
0.333728667080868,0.22934691370232,946,31.1688153368868,"fHet",258,22
0.333728667080868,0.22934691370232,368,59.5607685352939,"fHet",259,22
0.333728667080868,0.22934691370232,541,21.0482707833755,"fHet",260,22
0.333728667080868,0.22934691370232,722,21.1994302183846,"fHet",261,23
0.333728667080868,0.22934691370232,207,14.518680353528,"fHet",262,23
0.333728667080868,0.22934691370232,853,37.2722124615937,"fHet",263,23
0.333728667080868,0.22934691370232,332,23.0874360414988,"fHet",264,23
0.353744868645445,0.286314202283975,955,16.9504227582432,"fHet",265,23
0.58333520805696,0.438648075503297,681,17.0862691673579,"fHet",266,23
0.58333520805696,0.438648075503297,564,16.3125414911653,"fHet",267,23
0.464056896127295,0.369960773715284,729,29.7356338555626,"fHet",268,23
0.464056896127295,0.369960773715284,551,42.1503673216087,"fHet",269,23
0.58333520805696,0.438648075503297,737,14.0056565658874,"fHet",270,23
0.58333520805696,0.438648075503297,929,37.3812310611029,"fHet",271,24
0.333728667080868,0.22934691370232,322,17.6278919402584,"fHet",272,24
0.353744868645445,0.286314202283975,845,26.2061514961206,"fHet",273,24
0.58333520805696,0.438648075503297,950,50.9620320716442,"fHet",274,24
0.58333520805696,0.438648075503297,938,32.4931066566129,"fHet",275,24
0.58333520805696,0.438648075503297,940,15.2139852285538,"fHet",276,24
0.333728667080868,0.22934691370232,281,37.9140507928756,"fHet",277,24
0.333728667080868,0.22934691370232,582,32.0024751518001,"fHet",278,24
0.528803190689068,0.473730633719824,298,22.4728659269417,"fHet",279,24
0.353744868645445,0.286314202283975,140,54.052046791738,"fHet",280,24
0.333728667080868,0.22934691370232,553,18.8367136777682,"fHet",281,25
0.58333520805696,0.438648075503297,726,20.4588454326153,"fHet",282,25
0.528803190689068,0.473730633719824,678,28.6948782817415,"fHet",283,25
0.528803190689068,0.473730633719824,133,15.4105531540841,"fHet",284,25
0.528803190689068,0.473730633719824,990,21.1107405444867,"fHet",285,25
0.333728667080868,0.22934691370232,957,24.5411354002351,"fHet",286,25
0.333728667080868,0.22934691370232,634,29.2081976828627,"fHet",287,25
0.464056896127295,0.369960773715284,648,12.8108864596166,"fHet",288,25
0.333728667080868,0.22934691370232,387,48.103539319363,"fHet",289,25
0.528803190689068,0.473730633719824,2,33.3053678068938,"fHet",290,25
0.528803190689068,0.473730633719824,286,30.1722776176023,"fHet",291,26
0.353744868645445,0.286314202283975,465,51.0591774704646,"fHet",292,26
0.58333520805696,0.438648075503297,82,16.5687885035463,"fHet",293,26
0.58333520805696,0.438648075503297,708,24.8081749541246,"fHet",294,26
0.464056896127295,0.369960773715284,150,28.4961348777391,"fHet",295,26
0.528803190689068,0.473730633719824,958,22.1003561639684,"fHet",296,26
0.333728667080868,0.22934691370232,233,13.08994020817,"fHet",297,26
0.464056896127295,0.369960773715284,951,14.7711921933161,"fHet",298,26
0.528803190689068,0.473730633719824,144,25.1179396266714,"fHet",299,26
0.464056896127295,0.369960773715284,343,18.3696909215821,"fHet",300,26
0.333728667080868,0.22934691370232,694,24.4894400358058,"fHet",301,27
0.58333520805696,0.438648075503297,93,30.8543367941996,"fHet",302,27
0.934925961208064,0.0546155184064992,389,209.375355770349,"fHet",303,27
0.41620410033036,0.381695767666679,907,49.4281156211866,"fHet",304,27
0.528803190689068,0.473730633719824,672,21.660979197672,"fHet",305,27
0.464056896127295,0.369960773715284,139,18.1042087989954,"fHet",306,27
0.333728667080868,0.22934691370232,642,33.0671384241872,"fHet",307,27
0.333728667080868,0.22934691370232,678,20.1317443037823,"fHet",308,27
0.333728667080868,0.22934691370232,337,13.2739602154738,"fHet",309,27
0.333728667080868,0.22934691370232,146,22.0586526881367,"fHet",310,27
0.333728667080868,0.22934691370232,802,21.2933308947675,"fHet",311,28
0.333728667080868,0.22934691370232,664,28.4455359389041,"fHet",312,28
0.464056896127295,0.369960773715284,619,13.0482729026708,"fHet",313,28
0.464056896127295,0.369960773715284,21,15.0675048687663,"fHet",314,28
0.464056896127295,0.369960773715284,705,21.0781196673914,"fHet",315,28
0.372678781289142,0.167621515295468,674,22.8661624707473,"fHet",316,28
0.528803190689068,0.473730633719824,834,18.1555435714891,"fHet",317,28
0.528803190689068,0.473730633719824,861,22.2779471831017,"fHet",318,28
0.528803190689068,0.473730633719824,602,23.4493344709122,"fHet",319,28
0.333728667080868,0.22934691370232,780,14.92290418474,"fHet",320,28
0.464056896127295,0.369960773715284,889,14.8063406273217,"fHet",321,29
0.528803190689068,0.473730633719824,668,30.1460143006969,"fHet",322,29
0.528803190689068,0.473730633719824,264,39.329151760721,"fHet",323,29
0.333728667080868,0.22934691370232,434,24.4667889674194,"fHet",324,29
0.464056896127295,0.369960773715284,219,31.7924893054574,"fHet",325,29
0.528803190689068,0.473730633719824,505,28.3596073092113,"fHet",326,29
0.333728667080868,0.22934691370232,637,19.2083418347239,"fHet",327,29
0.464056896127295,0.369960773715284,815,18.4956510810215,"fHet",328,29
0.464056896127295,0.369960773715284,327,15.3722779929674,"fHet",329,29
0.333728667080868,0.22934691370232,366,37.5022111559326,"fHet",330,29
0.464056896127295,0.369960773715284,289,19.0751510122099,"fHet",331,30
0.58333520805696,0.438648075503297,957,26.6222195591845,"fHet",332,30
0.41620410033036,0.381695767666679,355,37.8777345188071,"fHet",333,30
0.58333520805696,0.438648075503297,445,17.4676504396323,"fHet",334,30
0.353744868645445,0.286314202283975,797,36.4254290460403,"fHet",335,30
0.464056896127295,0.369960773715284,112,13.7761452597532,"fHet",336,30
0.333728667080868,0.22934691370232,817,76.5382839557505,"fHet",337,30
0.464056896127295,0.369960773715284,340,18.0162193152682,"fHet",338,30
0.464056896127295,0.369960773715284,703,19.2937172352161,"fHet",339,30
0.333728667080868,0.22934691370232,934,14.2168495765127,"fHet",340,30
0.58333520805696,0.438648075503297,237,35.2144772208902,"fHet",341,31
0.464056896127295,0.369960773715284,32,20.3306820757044,"fHet",342,31
0.58333520805696,0.438648075503297,506,32.1746471743216,"fHet",343,31
0.58333520805696,0.438648075503297,177,17.6104716822488,"fHet",344,31
0.528803190689068,0.473730633719824,153,32.8283866538858,"fHet",345,31
0.58333520805696,0.438648075503297,299,42.4575501454857,"fHet",346,31
0.464056896127295,0.369960773715284,939,38.9498280986051,"fHet",347,31
0.528803190689068,0.473730633719824,956,23.5184780944939,"fHet",348,31
0.464056896127295,0.369960773715284,780,12.9839962421375,"fHet",349,31
0.464056896127295,0.369960773715284,346,16.3398316701826,"fHet",350,31
0.464056896127295,0.369960773715284,701,17.5098275093143,"fHet",351,32
0.333728667080868,0.22934691370232,994,20.6661343485155,"fHet",352,32
0.464056896127295,0.369960773715284,183,21.6447464643259,"fHet",353,32
0.464056896127295,0.369960773715284,229,20.27752987476,"fHet",354,32
0.333728667080868,0.22934691370232,612,37.3164153086165,"fHet",355,32
0.333728667080868,0.22934691370232,845,19.0824163527942,"fHet",356,32
0.464056896127295,0.369960773715284,870,16.6994397249942,"fHet",357,32
0.464056896127295,0.369960773715284,397,16.3031309633432,"fHet",358,32
0.464056896127295,0.369960773715284,214,17.2729972976193,"fHet",359,32
0.464056896127295,0.369960773715284,968,29.7417931104657,"fHet",360,32
0.464056896127295,0.369960773715284,967,30.6225827496217,"fHet",361,33
0.333728667080868,0.22934691370232,100,36.9225842503308,"fHet",362,33
0.464056896127295,0.369960773715284,566,17.6318231649144,"fHet",363,33
0.464056896127295,0.369960773715284,663,41.0527311231941,"fHet",364,33
0.464056896127295,0.369960773715284,963,48.3697598026529,"fHet",365,33
0.353744868645445,0.286314202283975,582,42.2170253301055,"fHet",366,33
0.464056896127295,0.369960773715284,64,17.7836280253095,"fHet",367,33
0.464056896127295,0.369960773715284,312,22.6604291553569,"fHet",368,33
0.333728667080868,0.22934691370232,888,15.2724433131204,"fHet",369,33
0.464056896127295,0.369960773715284,848,38.2861813604898,"fHet",370,33
0.333728667080868,0.22934691370232,517,13.0619241073488,"fHet",371,34
0.464056896127295,0.369960773715284,344,16.4419169704559,"fHet",372,34
0.464056896127295,0.369960773715284,378,20.6015956317528,"fHet",373,34
0.464056896127295,0.369960773715284,73,19.188486646997,"fHet",374,34
0.464056896127295,0.369960773715284,584,27.416660397042,"fHet",375,34
0.464056896127295,0.369960773715284,120,22.1486874653024,"fHet",376,34
0.464056896127295,0.369960773715284,162,62.6333824255038,"fHet",377,34
0.464056896127295,0.369960773715284,273,14.6199375599701,"fHet",378,34
0.464056896127295,0.369960773715284,460,15.9987623283679,"fHet",379,34
0.464056896127295,0.369960773715284,839,13.4980746701883,"fHet",380,34
0.333728667080868,0.22934691370232,75,47.9529472349182,"fHet",381,35
0.333728667080868,0.22934691370232,920,44.1166320985949,"fHet",382,35
0.333728667080868,0.22934691370232,840,19.2598181211403,"fHet",383,35
0.464056896127295,0.369960773715284,557,16.7065529326396,"fHet",384,35
0.464056896127295,0.369960773715284,440,40.2525443510429,"fHet",385,35
0.464056896127295,0.369960773715284,817,74.3382688648436,"fHet",386,35
0.464056896127295,0.369960773715284,708,53.2714884825693,"fHet",387,35
0.464056896127295,0.369960773715284,1000,13.1375058289593,"fHet",388,35
0.464056896127295,0.369960773715284,437,24.4746787719492,"fHet",389,35
0.333728667080868,0.22934691370232,154,17.6775295079644,"fHet",390,35
0.58333520805696,0.438648075503297,217,30.7865535776273,"fHet",391,36
0.333728667080868,0.22934691370232,400,25.8274932182857,"fHet",392,36
0.528803190689068,0.473730633719824,593,29.4537731449682,"fHet",393,36
0.58333520805696,0.438648075503297,244,25.160278296561,"fHet",394,36
0.464056896127295,0.369960773715284,410,23.1531705589255,"fHet",395,36
0.464056896127295,0.369960773715284,545,24.7938031222991,"fHet",396,36
0.464056896127295,0.369960773715284,367,15.7866342765701,"fHet",397,36
0.333728667080868,0.22934691370232,188,15.6815461957394,"fHet",398,36
0.464056896127295,0.369960773715284,605,16.8202494654273,"fHet",399,36
0.58333520805696,0.438648075503297,836,16.3371047036802,"fHet",400,36
0.464056896127295,0.369960773715284,311,24.1992553686273,"fHet",401,37
0.464056896127295,0.369960773715284,358,14.540145858421,"fHet",402,37
0.58333520805696,0.438648075503297,213,39.8139236304523,"fHet",403,37
0.333728667080868,0.22934691370232,905,32.639494997064,"fHet",404,37
0.58333520805696,0.438648075503297,957,26.6222195591845,"fHet",405,37
0.464056896127295,0.369960773715284,574,34.5809424995678,"fHet",406,37
0.464056896127295,0.369960773715284,776,24.4526213946339,"fHet",407,37
0.333728667080868,0.22934691370232,477,13.300040943881,"fHet",408,37
0.333728667080868,0.22934691370232,826,24.8673709630484,"fHet",409,37
0.464056896127295,0.369960773715284,158,31.3900722150072,"fHet",410,37
0.353744868645445,0.286314202283975,442,21.6406291887082,"fHet",411,38
0.464056896127295,0.369960773715284,49,18.931089208333,"fHet",412,38
0.464056896127295,0.369960773715284,546,17.1227368960655,"fHet",413,38
0.464056896127295,0.369960773715284,354,13.5847176803732,"fHet",414,38
0.464056896127295,0.369960773715284,356,17.243451906836,"fHet",415,38
0.464056896127295,0.369960773715284,239,21.3611102170035,"fHet",416,38
0.464056896127295,0.369960773715284,377,25.2586618806302,"fHet",417,38
0.464056896127295,0.369960773715284,577,20.9364904810564,"fHet",418,38
0.333728667080868,0.22934691370232,229,28.6641529329987,"fHet",419,38
0.464056896127295,0.369960773715284,708,53.2714884825693,"fHet",420,38
0.333728667080868,0.22934691370232,395,25.4286032134315,"fHet",421,39
0.333728667080868,0.22934691370232,927,24.3613474078252,"fHet",422,39
0.333728667080868,0.22934691370232,691,27.5749204463723,"fHet",423,39
0.464056896127295,0.369960773715284,868,15.5270444357866,"fHet",424,39
0.464056896127295,0.369960773715284,127,20.532996868359,"fHet",425,39
0.464056896127295,0.369960773715284,410,23.1531705589255,"fHet",426,39
0.333728667080868,0.22934691370232,258,24.5015659228807,"fHet",427,39
0.333728667080868,0.22934691370232,424,28.2893465586053,"fHet",428,39
0.464056896127295,0.369960773715284,707,15.955693604975,"fHet",429,39
0.464056896127295,0.369960773715284,534,21.5123726775505,"fHet",430,39
0.464056896127295,0.369960773715284,614,21.0028286638059,"fHet",431,40
0.528803190689068,0.473730633719824,972,29.6434254644656,"fHet",432,40
0.464056896127295,0.369960773715284,373,23.5777626395956,"fHet",433,40
0.528803190689068,0.473730633719824,269,19.9697791477002,"fHet",434,40
0.464056896127295,0.369960773715284,914,21.7908601059806,"fHet",435,40
0.464056896127295,0.369960773715284,912,30.2452025489618,"fHet",436,40
0.464056896127295,0.369960773715284,628,12.0867327641051,"fHet",437,40
0.464056896127295,0.369960773715284,733,16.1631533047384,"fHet",438,40
0.464056896127295,0.369960773715284,714,12.3244102945703,"fHet",439,40
0.464056896127295,0.369960773715284,956,15.5305511750865,"fHet",440,40
0.464056896127295,0.369960773715284,330,12.4816697283625,"fHet",441,41
0.464056896127295,0.369960773715284,464,37.1917695568828,"fHet",442,41
0.464056896127295,0.369960773715284,482,21.0014143795268,"fHet",443,41
0.464056896127295,0.369960773715284,918,29.2693195907751,"fHet",444,41
0.528803190689068,0.473730633719824,878,17.3510635391781,"fHet",445,41
0.528803190689068,0.473730633719824,410,24.2117310573218,"fHet",446,41
0.464056896127295,0.369960773715284,385,17.3946617508287,"fHet",447,41
0.333728667080868,0.22934691370232,749,29.0944178239547,"fHet",448,41
0.464056896127295,0.369960773715284,339,21.2339630808479,"fHet",449,41
0.464056896127295,0.369960773715284,638,24.5548486873653,"fHet",450,41
0.528803190689068,0.473730633719824,641,41.2557826729829,"fHet",451,42
0.464056896127295,0.369960773715284,213,19.1595696431546,"fHet",452,42
0.464056896127295,0.369960773715284,205,23.5512922434552,"fHet",453,42
0.464056896127295,0.369960773715284,867,16.5269057558088,"fHet",454,42
0.464056896127295,0.369960773715284,709,32.6272072581358,"fHet",455,42
0.464056896127295,0.369960773715284,507,14.4324990803038,"fHet",456,42
0.464056896127295,0.369960773715284,141,17.8245019926821,"fHet",457,42
0.464056896127295,0.369960773715284,801,21.0738916883211,"fHet",458,42
0.464056896127295,0.369960773715284,11,20.9142520926295,"fHet",459,42
0.464056896127295,0.369960773715284,724,38.6206480453856,"fHet",460,42
0.464056896127295,0.369960773715284,847,25.2504288758793,"fHet",461,43
0.464056896127295,0.369960773715284,712,28.9470325434112,"fHet",462,43
0.528803190689068,0.473730633719824,883,29.3847808658607,"fHet",463,43
0.464056896127295,0.369960773715284,677,31.9976793713,"fHet",464,43
0.464056896127295,0.369960773715284,901,16.3477070181868,"fHet",465,43
0.464056896127295,0.369960773715284,410,23.1531705589255,"fHet",466,43
0.464056896127295,0.369960773715284,733,16.1631533047384,"fHet",467,43
0.464056896127295,0.369960773715284,576,42.029810260041,"fHet",468,43
0.464056896127295,0.369960773715284,523,13.1627286587005,"fHet",469,43
0.528803190689068,0.473730633719824,84,25.0373977707092,"fHet",470,43
0.464056896127295,0.369960773715284,878,13.9294545108664,"fHet",471,44
0.464056896127295,0.369960773715284,215,15.7086720074494,"fHet",472,44
0.464056896127295,0.369960773715284,563,14.2175459859072,"fHet",473,44
0.464056896127295,0.369960773715284,262,41.8456617338117,"fHet",474,44
0.464056896127295,0.369960773715284,901,16.3477070181868,"fHet",475,44
0.464056896127295,0.369960773715284,388,20.2200762893841,"fHet",476,44
0.333728667080868,0.22934691370232,812,12.5287787525242,"fHet",477,44
0.464056896127295,0.369960773715284,578,12.8656423265707,"fHet",478,44
0.464056896127295,0.369960773715284,868,15.5270444357866,"fHet",479,44
0.464056896127295,0.369960773715284,611,14.1028752071665,"fHet",480,44
0.333728667080868,0.22934691370232,972,15.9668592421743,"fHet",481,45
0.464056896127295,0.369960773715284,98,15.0707900546483,"fHet",482,45
0.333728667080868,0.22934691370232,109,16.8942546915855,"fHet",483,45
0.464056896127295,0.369960773715284,981,14.6209533624768,"fHet",484,45
0.464056896127295,0.369960773715284,526,32.8036462595363,"fHet",485,45
0.464056896127295,0.369960773715284,322,16.4762054652961,"fHet",486,45
0.464056896127295,0.369960773715284,410,23.1531705589255,"fHet",487,45
0.464056896127295,0.369960773715284,645,25.3590064458526,"fHet",488,45
0.464056896127295,0.369960773715284,262,41.8456617338117,"fHet",489,45
0.464056896127295,0.369960773715284,99,17.8949077329915,"fHet",490,45
0.464056896127295,0.369960773715284,132,21.7096045724714,"fHet",491,46
0.528803190689068,0.473730633719824,5,23.3085205174604,"fHet",492,46
0.464056896127295,0.369960773715284,844,32.3760393005704,"fHet",493,46
0.464056896127295,0.369960773715284,581,17.6719277302441,"fHet",494,46
0.464056896127295,0.369960773715284,973,25.7376328082879,"fHet",495,46
0.464056896127295,0.369960773715284,73,19.188486646997,"fHet",496,46
0.464056896127295,0.369960773715284,408,14.8333982273212,"fHet",497,46
0.464056896127295,0.369960773715284,962,13.4617168957818,"fHet",498,46
0.464056896127295,0.369960773715284,310,25.5269223052102,"fHet",499,46
0.464056896127295,0.369960773715284,327,15.3722779929674,"fHet",500,46
0.464056896127295,0.369960773715284,486,15.9718192420585,"fHet",501,47
0.464056896127295,0.369960773715284,729,29.7356338555626,"fHet",502,47
0.464056896127295,0.369960773715284,891,29.707818086247,"fHet",503,47
0.333728667080868,0.22934691370232,466,19.1492315591757,"fHet",504,47
0.464056896127295,0.369960773715284,140,20.7855623922086,"fHet",505,47
0.464056896127295,0.369960773715284,937,11.1270787355945,"fHet",506,47
0.464056896127295,0.369960773715284,719,20.8557041607231,"fHet",507,47
0.464056896127295,0.369960773715284,273,14.6199375599701,"fHet",508,47
0.464056896127295,0.369960773715284,311,24.1992553686273,"fHet",509,47
0.464056896127295,0.369960773715284,71,28.7157458445004,"fHet",510,47
0.464056896127295,0.369960773715284,203,24.6813353940115,"fHet",511,48
0.464056896127295,0.369960773715284,53,38.3290857167398,"fHet",512,48
0.464056896127295,0.369960773715284,377,25.2586618806302,"fHet",513,48
0.464056896127295,0.369960773715284,513,14.4373004250918,"fHet",514,48
0.464056896127295,0.369960773715284,160,14.7537543468343,"fHet",515,48
0.464056896127295,0.369960773715284,3,19.2742068450287,"fHet",516,48
0.464056896127295,0.369960773715284,960,17.3724488831604,"fHet",517,48
0.464056896127295,0.369960773715284,580,23.3645241787418,"fHet",518,48
0.464056896127295,0.369960773715284,330,12.4816697283625,"fHet",519,48
0.464056896127295,0.369960773715284,229,20.27752987476,"fHet",520,48
0.464056896127295,0.369960773715284,419,51.2561032347552,"fHet",521,49
0.464056896127295,0.369960773715284,376,28.6456673412532,"fHet",522,49
0.464056896127295,0.369960773715284,206,14.9295374713656,"fHet",523,49
0.333728667080868,0.22934691370232,605,15.1379792522511,"fHet",524,49
0.464056896127295,0.369960773715284,731,19.2644442401329,"fHet",525,49
0.333728667080868,0.22934691370232,615,21.2026992490471,"fHet",526,49
0.464056896127295,0.369960773715284,982,18.4259287821577,"fHet",527,49
0.464056896127295,0.369960773715284,715,25.0508393962247,"fHet",528,49
0.464056896127295,0.369960773715284,398,20.8666202721993,"fHet",529,49
0.464056896127295,0.369960773715284,23,15.3245418906542,"fHet",530,49
0.464056896127295,0.369960773715284,100,30.765803312531,"fHet",531,50
0.464056896127295,0.369960773715284,858,16.8933755837565,"fHet",532,50
0.464056896127295,0.369960773715284,393,19.6770963003153,"fHet",533,50
0.464056896127295,0.369960773715284,282,19.5275890133234,"fHet",534,50
0.333728667080868,0.22934691370232,407,14.6040140962262,"fHet",535,50
0.464056896127295,0.369960773715284,690,17.6399636289785,"fHet",536,50
0.464056896127295,0.369960773715284,747,13.0623031038266,"fHet",537,50
0.464056896127295,0.369960773715284,45,47.281022086086,"fHet",538,50
0.464056896127295,0.369960773715284,500,21.4291371919655,"fHet",539,50
0.464056896127295,0.369960773715284,578,12.8656423265707,"fHet",540,50
0.464056896127295,0.369960773715284,71,28.7157458445004,"fHet",541,51
0.464056896127295,0.369960773715284,157,44.2409021804774,"fHet",542,51
0.464056896127295,0.369960773715284,966,16.4780081464735,"fHet",543,51
0.464056896127295,0.369960773715284,178,43.0662625531521,"fHet",544,51
0.353744868645445,0.286314202283975,873,21.9438978639928,"fHet",545,51
0.333728667080868,0.22934691370232,735,36.0792581864862,"fHet",546,51
0.464056896127295,0.369960773715284,256,22.711928213349,"fHet",547,51
0.464056896127295,0.369960773715284,811,17.9073523259786,"fHet",548,51
0.464056896127295,0.369960773715284,839,13.4980746701883,"fHet",549,51
0.464056896127295,0.369960773715284,287,31.1858053518832,"fHet",550,51
0.464056896127295,0.369960773715284,690,17.6399636289785,"fHet",551,52
0.464056896127295,0.369960773715284,154,15.9665491910214,"fHet",552,52
0.464056896127295,0.369960773715284,626,11.9362995741877,"fHet",553,52
0.464056896127295,0.369960773715284,648,12.8108864596166,"fHet",554,52
0.464056896127295,0.369960773715284,798,69.8391362381799,"fHet",555,52
0.464056896127295,0.369960773715284,570,76.3701253082903,"fHet",556,52
0.464056896127295,0.369960773715284,599,16.4446265562419,"fHet",557,52
0.464056896127295,0.369960773715284,268,15.0767015853292,"fHet",558,52
0.464056896127295,0.369960773715284,723,29.0312225231408,"fHet",559,52
0.464056896127295,0.369960773715284,75,36.8303576893404,"fHet",560,52
0.464056896127295,0.369960773715284,320,14.1035772444125,"fHet",561,53
0.464056896127295,0.369960773715284,35,13.7383614109335,"fHet",562,53
0.333728667080868,0.22934691370232,150,16.4638818612317,"fHet",563,53
0.333728667080868,0.22934691370232,334,28.2124191458196,"fHet",564,53
0.464056896127295,0.369960773715284,823,12.9672092159988,"fHet",565,53
0.58333520805696,0.438648075503297,173,10.1093036259665,"fHet",566,53
0.464056896127295,0.369960773715284,131,13.8231403060517,"fHet",567,53
0.464056896127295,0.369960773715284,543,14.5690571329299,"fHet",568,53
0.464056896127295,0.369960773715284,869,17.55387745945,"fHet",569,53
0.464056896127295,0.369960773715284,764,53.65114672171,"fHet",570,53
0.464056896127295,0.369960773715284,506,15.1402682529827,"fHet",571,54
0.464056896127295,0.369960773715284,34,14.1697628144518,"fHet",572,54
0.464056896127295,0.369960773715284,610,15.3242188436578,"fHet",573,54
0.464056896127295,0.369960773715284,66,13.4259981283543,"fHet",574,54
0.464056896127295,0.369960773715284,205,23.5512922434552,"fHet",575,54
0.464056896127295,0.369960773715284,333,21.21437024638,"fHet",576,54
0.464056896127295,0.369960773715284,907,19.3759062387868,"fHet",577,54
0.528803190689068,0.473730633719824,466,36.1086095435468,"fHet",578,54
0.464056896127295,0.369960773715284,211,20.3070489639377,"fHet",579,54
0.389810180847999,0.202828839558642,945,26.019033398839,"fHet",580,54
0.464056896127295,0.369960773715284,942,15.4156921465251,"fHet",581,55
0.464056896127295,0.369960773715284,161,44.0717237203535,"fHet",582,55
0.464056896127295,0.369960773715284,231,12.5121722912348,"fHet",583,55
0.464056896127295,0.369960773715284,375,14.6996329178926,"fHet",584,55
0.464056896127295,0.369960773715284,567,15.5417037179148,"fHet",585,55
0.464056896127295,0.369960773715284,894,33.0743237434888,"fHet",586,55
0.464056896127295,0.369960773715284,597,19.7689625723789,"fHet",587,55
0.464056896127295,0.369960773715284,839,13.4980746701883,"fHet",588,55
0.464056896127295,0.369960773715284,428,24.1501081316891,"fHet",589,55
0.464056896127295,0.369960773715284,280,17.0215355731299,"fHet",590,55
0.333728667080868,0.22934691370232,643,36.1165604756884,"fHet",591,56
0.58333520805696,0.438648075503297,130,25.7781855739528,"fHet",592,56
0.464056896127295,0.369960773715284,528,12.0879614443953,"fHet",593,56
0.464056896127295,0.369960773715284,152,13.6932447029566,"fHet",594,56
0.464056896127295,0.369960773715284,627,12.5473361142657,"fHet",595,56
0.464056896127295,0.369960773715284,945,17.4869116543751,"fHet",596,56
0.464056896127295,0.369960773715284,551,42.1503673216087,"fHet",597,56
0.353744868645445,0.286314202283975,786,55.9977015086997,"fHet",598,56
0.464056896127295,0.369960773715284,978,36.7250959599472,"fHet",599,56
0.464056896127295,0.369960773715284,278,17.4398542095823,"fHet",600,56
0.464056896127295,0.369960773715284,786,31.732951297032,"fHet",601,57
0.464056896127295,0.369960773715284,842,10.9037190494304,"fHet",602,57
0.464056896127295,0.369960773715284,793,26.9921147268187,"fHet",603,57
0.464056896127295,0.369960773715284,110,56.7302109257772,"fHet",604,57
0.464056896127295,0.369960773715284,127,20.532996868359,"fHet",605,57
0.464056896127295,0.369960773715284,953,11.3001358092251,"fHet",606,57
0.464056896127295,0.369960773715284,485,21.7471973840172,"fHet",607,57
0.464056896127295,0.369960773715284,96,29.3815797349763,"fHet",608,57
0.464056896127295,0.369960773715284,817,74.3382688648436,"fHet",609,57
0.464056896127295,0.369960773715284,312,22.6604291553569,"fHet",610,57
0.464056896127295,0.369960773715284,819,13.802353078191,"fHet",611,58
0.464056896127295,0.369960773715284,421,28.237149885627,"fHet",612,58
0.464056896127295,0.369960773715284,61,26.545123174633,"fHet",613,58
0.464056896127295,0.369960773715284,274,13.8070150056533,"fHet",614,58
0.464056896127295,0.369960773715284,175,49.6653155064622,"fHet",615,58
0.464056896127295,0.369960773715284,716,39.9389385422446,"fHet",616,58
0.464056896127295,0.369960773715284,955,22.4464158421432,"fHet",617,58
0.464056896127295,0.369960773715284,368,59.6469812835287,"fHet",618,58
0.464056896127295,0.369960773715284,481,55.1998170466189,"fHet",619,58
0.372678781289142,0.167621515295468,752,24.2640180979455,"fHet",620,58
0.464056896127295,0.369960773715284,946,21.3847359275973,"fHet",621,59
0.333728667080868,0.22934691370232,340,28.8413207426119,"fHet",622,59
0.464056896127295,0.369960773715284,327,15.3722779929674,"fHet",623,59
0.464056896127295,0.369960773715284,786,31.732951297032,"fHet",624,59
0.464056896127295,0.369960773715284,150,28.4961348777391,"fHet",625,59
0.464056896127295,0.369960773715284,255,16.1272784099144,"fHet",626,59
0.464056896127295,0.369960773715284,193,40.7873014600873,"fHet",627,59
0.333728667080868,0.22934691370232,698,39.0560653115974,"fHet",628,59
0.58333520805696,0.438648075503297,836,16.3371047036802,"fHet",629,59
0.464056896127295,0.369960773715284,804,35.8000497814799,"fHet",630,59
0.464056896127295,0.369960773715284,35,13.7383614109335,"fHet",631,60
0.464056896127295,0.369960773715284,929,15.9243259956534,"fHet",632,60
0.464056896127295,0.369960773715284,422,23.9977309158368,"fHet",633,60
0.464056896127295,0.369960773715284,702,18.3478490389592,"fHet",634,60
0.464056896127295,0.369960773715284,252,14.6168897288902,"fHet",635,60
0.464056896127295,0.369960773715284,235,15.5391552709487,"fHet",636,60
0.464056896127295,0.369960773715284,465,30.3620072648123,"fHet",637,60
0.464056896127295,0.369960773715284,429,23.2035760303032,"fHet",638,60
0.464056896127295,0.369960773715284,454,25.777417394393,"fHet",639,60
0.464056896127295,0.369960773715284,98,15.0707900546483,"fHet",640,60
0.464056896127295,0.369960773715284,999,11.9702601773258,"fHet",641,61
0.464056896127295,0.369960773715284,888,16.0398637064899,"fHet",642,61
0.464056896127295,0.369960773715284,34,14.1697628144518,"fHet",643,61
0.333728667080868,0.22934691370232,770,34.43087493101,"fHet",644,61
0.464056896127295,0.369960773715284,995,17.7446129044483,"fHet",645,61
0.464056896127295,0.369960773715284,674,14.9298690583344,"fHet",646,61
0.333728667080868,0.22934691370232,142,21.6122444209502,"fHet",647,61
0.464056896127295,0.369960773715284,302,14.5799265233314,"fHet",648,61
0.333728667080868,0.22934691370232,202,22.3420750341521,"fHet",649,61
0.464056896127295,0.369960773715284,242,15.3393946980632,"fHet",650,61
0.58333520805696,0.438648075503297,760,33.4459812737844,"fHet",651,62
0.464056896127295,0.369960773715284,634,14.7654936246709,"fHet",652,62
0.464056896127295,0.369960773715284,883,22.0561838839984,"fHet",653,62
0.464056896127295,0.369960773715284,758,21.2213697638363,"fHet",654,62
0.464056896127295,0.369960773715284,528,12.0879614443953,"fHet",655,62
0.464056896127295,0.369960773715284,866,61.8770739226389,"fHet",656,62
0.464056896127295,0.369960773715284,684,43.214065367014,"fHet",657,62
0.464056896127295,0.369960773715284,867,16.5269057558088,"fHet",658,62
0.464056896127295,0.369960773715284,300,39.4086234720321,"fHet",659,62
0.464056896127295,0.369960773715284,497,53.9336776435505,"fHet",660,62
0.464056896127295,0.369960773715284,345,13.2478281425692,"fHet",661,63
0.464056896127295,0.369960773715284,365,13.7818937036753,"fHet",662,63
0.464056896127295,0.369960773715284,647,14.0905838933468,"fHet",663,63
0.333728667080868,0.22934691370232,429,36.164640024737,"fHet",664,63
0.58333520805696,0.438648075503297,506,32.1746471743216,"fHet",665,63
0.464056896127295,0.369960773715284,469,23.0040891758809,"fHet",666,63
0.464056896127295,0.369960773715284,886,72.547150935863,"fHet",667,63
0.464056896127295,0.369960773715284,578,12.8656423265707,"fHet",668,63
0.464056896127295,0.369960773715284,701,17.5098275093143,"fHet",669,63
0.464056896127295,0.369960773715284,689,14.6611900966294,"fHet",670,63
0.464056896127295,0.369960773715284,116,37.677632096458,"fHet",671,64
0.464056896127295,0.369960773715284,240,12.3984987912742,"fHet",672,64
0.464056896127295,0.369960773715284,432,14.9689447500715,"fHet",673,64
0.464056896127295,0.369960773715284,674,14.9298690583344,"fHet",674,64
0.464056896127295,0.369960773715284,880,18.8309309487354,"fHet",675,64
0.464056896127295,0.369960773715284,567,15.5417037179148,"fHet",676,64
0.464056896127295,0.369960773715284,823,12.9672092159988,"fHet",677,64
0.464056896127295,0.369960773715284,665,19.3922511828976,"fHet",678,64
0.464056896127295,0.369960773715284,372,20.2269303867712,"fHet",679,64
0.464056896127295,0.369960773715284,895,13.6003785619998,"fHet",680,64
0.464056896127295,0.369960773715284,507,14.4324990803038,"fHet",681,65
0.464056896127295,0.369960773715284,667,14.1277761663307,"fHet",682,65
0.464056896127295,0.369960773715284,883,22.0561838839984,"fHet",683,65
0.464056896127295,0.369960773715284,17,20.9296322220553,"fHet",684,65
0.464056896127295,0.369960773715284,855,36.648180158241,"fHet",685,65
0.464056896127295,0.369960773715284,729,29.7356338555626,"fHet",686,65
0.58333520805696,0.438648075503297,49,25.6126902333609,"fHet",687,65
0.464056896127295,0.369960773715284,995,17.7446129044483,"fHet",688,65
0.464056896127295,0.369960773715284,872,18.951736512301,"fHet",689,65
0.464056896127295,0.369960773715284,244,14.2335539977175,"fHet",690,65
0.464056896127295,0.369960773715284,577,20.9364904810564,"fHet",691,66
0.464056896127295,0.369960773715284,871,23.3641004132154,"fHet",692,66
0.464056896127295,0.369960773715284,737,21.2381591937859,"fHet",693,66
0.464056896127295,0.369960773715284,289,19.0751510122099,"fHet",694,66
0.464056896127295,0.369960773715284,399,13.5537068839867,"fHet",695,66
0.464056896127295,0.369960773715284,586,34.5617541725698,"fHet",696,66
0.464056896127295,0.369960773715284,720,22.4924629840555,"fHet",697,66
0.464056896127295,0.369960773715284,846,52.5753584565211,"fHet",698,66
0.464056896127295,0.369960773715284,895,13.6003785619998,"fHet",699,66
0.464056896127295,0.369960773715284,802,16.4172090342801,"fHet",700,66
0.84119491497986,0.835311350505799,1,43.4504383644102,"aHet",1,1
0.84119491497986,0.835311350505799,2,41.6864771387272,"aHet",2,1
0.84119491497986,0.835311350505799,3,59.8189512670781,"aHet",3,1
0.84119491497986,0.835311350505799,4,20.5346844954271,"aHet",4,1
0.84119491497986,0.835311350505799,5,42.0037716364039,"aHet",5,1
0.84119491497986,0.835311350505799,6,32.277264168114,"aHet",6,1
0.84119491497986,0.835311350505799,7,38.8557882075209,"aHet",7,1
0.84119491497986,0.835311350505799,8,55.7100876088536,"aHet",8,1
0.84119491497986,0.835311350505799,9,34.1202010370965,"aHet",9,1
0.84119491497986,0.835311350505799,10,35.2962006762515,"aHet",10,1
0.137404569331557,0.676820743642747,1,112.308979742018,"aHet",11,1
0.137404569331557,0.676820743642747,2,112.669849780254,"aHet",12,1
0.137404569331557,0.676820743642747,3,111.578902509159,"aHet",13,1
0.137404569331557,0.676820743642747,4,112.590337766683,"aHet",14,1
0.137404569331557,0.676820743642747,5,111.586799673555,"aHet",15,1
0.137404569331557,0.676820743642747,6,110.696802926814,"aHet",16,1
0.137404569331557,0.676820743642747,7,112.701963928174,"aHet",17,1
0.137404569331557,0.676820743642747,8,111.245246866979,"aHet",18,1
0.137404569331557,0.676820743642747,9,110.438684211181,"aHet",19,1
0.137404569331557,0.676820743642747,10,109.033467475372,"aHet",20,1
0.353968283999711,0.499539848417044,1,86.1557420093874,"aHet",21,1
0.353968283999711,0.499539848417044,2,93.754366234959,"aHet",22,1
0.353968283999711,0.499539848417044,3,56.562853849886,"aHet",23,1
0.353968283999711,0.499539848417044,4,100.446872810585,"aHet",24,1
0.353968283999711,0.499539848417044,5,64.819704252688,"aHet",25,1
0.353968283999711,0.499539848417044,6,77.5991221752942,"aHet",26,1
0.353968283999711,0.499539848417044,7,107.307322145968,"aHet",27,1
0.353968283999711,0.499539848417044,8,69.9861372411751,"aHet",28,1
0.353968283999711,0.499539848417044,9,76.7347882174199,"aHet",29,1
0.353968283999711,0.499539848417044,10,74.1796721641194,"aHet",30,1
0.543523701652884,0.198381218966097,1,66.4506069823055,"aHet",31,1
0.543523701652884,0.198381218966097,2,85.6807914284292,"aHet",32,1
0.543523701652884,0.198381218966097,3,91.9190883977925,"aHet",33,1
0.543523701652884,0.198381218966097,4,56.7928317886532,"aHet",34,1
0.543523701652884,0.198381218966097,5,71.3859264494725,"aHet",35,1
0.543523701652884,0.198381218966097,6,77.3267466183225,"aHet",36,1
0.543523701652884,0.198381218966097,7,51.8875402354281,"aHet",37,1
0.543523701652884,0.198381218966097,8,98.7835918551354,"aHet",38,1
0.543523701652884,0.198381218966097,9,65.1499413007038,"aHet",39,1
0.543523701652884,0.198381218966097,10,90.5452679302152,"aHet",40,1
0.676007035886869,0.355489044263959,1,84.5967721688371,"aHet",41,1
0.676007035886869,0.355489044263959,2,80.9753660133136,"aHet",42,1
0.676007035886869,0.355489044263959,3,87.0393105680325,"aHet",43,1
0.676007035886869,0.355489044263959,4,42.1677461086218,"aHet",44,1
0.676007035886869,0.355489044263959,5,68.9064511486478,"aHet",45,1
0.676007035886869,0.355489044263959,6,84.0819378774521,"aHet",46,1
0.676007035886869,0.355489044263959,7,72.3881178368411,"aHet",47,1
0.676007035886869,0.355489044263959,8,77.0109288888066,"aHet",48,1
0.676007035886869,0.355489044263959,9,68.7343861657625,"aHet",49,1
0.676007035886869,0.355489044263959,10,78.1236009775725,"aHet",50,1
0.966464422575375,0.794178766855363,910,66.5954239798014,"aHet",51,2
0.966464422575375,0.794178766855363,965,68.4924654380478,"aHet",52,2
0.785646289408531,0.912847512847014,476,55.1528927995478,"aHet",53,2
0.992772745435454,0.555754790416225,702,131.495698834149,"aHet",54,2
0.966464422575375,0.794178766855363,605,83.8558995013954,"aHet",55,2
0.871935093869864,0.812775038143081,328,64.9736427901787,"aHet",56,2
0.92888206679274,0.324361130899529,693,158.05551099046,"aHet",57,2
0.811821107309157,0.849471963869246,526,37.5084148974442,"aHet",58,2
0.739729002189942,0.947368521248964,423,73.0023734864385,"aHet",59,2
0.871935093869864,0.812775038143081,887,55.0233073927372,"aHet",60,2
0.65264766198472,0.680073394382641,427,34.4442439399395,"aHet",61,3
0.869093520341714,0.742173364715653,441,53.39475629685,"aHet",62,3
0.815522732256331,0.56462297414639,276,60.803204709705,"aHet",63,3
0.869093520341714,0.742173364715653,796,67.384664941713,"aHet",64,3
0.815522732256331,0.56462297414639,802,85.3657825576687,"aHet",65,3
0.869093520341714,0.742173364715653,772,54.7718942162822,"aHet",66,3
0.021947248206995,0.245361146152004,158,94.6319603558548,"aHet",67,3
0.021947248206995,0.245361146152004,717,107.967816987056,"aHet",68,3
0.486078036445264,0.706208367617585,200,85.9552036220203,"aHet",69,3
0.0140472854410183,0.977634617543157,196,112.704906901181,"aHet",70,3
0.397751863094121,0.902034135452838,452,108.950938181794,"aHet",71,4
0.649269474350445,0.68104404581908,560,39.024237200859,"aHet",72,4
0.60315929406042,0.714824753102355,795,51.5631881892269,"aHet",73,4
0.615457205026062,0.984378064287177,936,99.8303015567462,"aHet",74,4
0.62360267022378,0.683174262160812,538,37.1074169949837,"aHet",75,4
0.615457205026062,0.984378064287177,846,106.766795001309,"aHet",76,4
0.575701943824943,0.983366331497919,224,108.450381043659,"aHet",77,4
0.615457205026062,0.984378064287177,742,107.773598412837,"aHet",78,4
0.649269474350445,0.68104404581908,131,25.8065921427026,"aHet",79,4
0.615457205026062,0.984378064287177,686,88.700966094731,"aHet",80,4
0.72886285107093,0.725224351263142,599,27.7747303058798,"aHet",81,5
0.72886285107093,0.725224351263142,114,22.87114139939,"aHet",82,5
0.684918262187642,0.775476100079412,366,60.4376775801911,"aHet",83,5
0.627562506195727,0.605587426376206,685,29.4598232872978,"aHet",84,5
0.72886285107093,0.725224351263142,293,37.0757853778735,"aHet",85,5
0.627562506195727,0.605587426376206,332,18.7437118168539,"aHet",86,5
0.72886285107093,0.725224351263142,223,30.1771994448894,"aHet",87,5
0.72886285107093,0.725224351263142,618,45.6419556856614,"aHet",88,5
0.684918262187642,0.775476100079412,896,35.1985879554764,"aHet",89,5
0.674832800326206,0.734177351484638,878,31.4176591574021,"aHet",90,5
0.642305368571084,0.631793569419412,745,24.5411354002351,"aHet",91,6
0.642305368571084,0.631793569419412,273,34.0735953634203,"aHet",92,6
0.642305368571084,0.631793569419412,111,40.8840427366846,"aHet",93,6
0.699267685769626,0.569833153846667,299,40.0780179743519,"aHet",94,6
0.683835137044006,0.673765688737255,440,21.3845044296792,"aHet",95,6
0.642305368571084,0.631793569419412,70,36.4218952753086,"aHet",96,6
0.557010595090876,0.0148163110174871,606,158.268445971075,"aHet",97,6
0.709640289337621,0.658871676188371,679,38.4613731908102,"aHet",98,6
0.683835137044006,0.673765688737255,423,23.2238354854117,"aHet",99,6
0.699267685769626,0.569833153846667,147,43.6907448794228,"aHet",100,6
0.750537987992186,0.75710185065598,51,27.7374536797029,"aHet",101,7
0.684927326346836,0.64170445239163,234,34.2758177607525,"aHet",102,7
0.952267900548498,0.921668858521534,680,25.12385163131,"aHet",103,7
0.909211618083664,0.942900306395148,417,50.6427010369395,"aHet",104,7
0.684927326346836,0.64170445239163,318,25.3541255650499,"aHet",105,7
0.13341921984864,0.195463106380162,754,96.9388906211098,"aHet",106,7
0.227847737345274,0.100954143912321,507,38.1103140842995,"aHet",107,7
0.684927326346836,0.64170445239163,956,24.7678328594662,"aHet",108,7
0.684927326346836,0.64170445239163,438,32.6801177936968,"aHet",109,7
0.684927326346836,0.64170445239163,950,31.5469161851373,"aHet",110,7
0.463723606202692,0.554640532590692,317,74.455714793067,"aHet",111,8
0.645624799301301,0.626674115304771,742,36.1265651961446,"aHet",112,8
0.67167332939587,0.662836126141559,55,24.6007727480659,"aHet",113,8
0.67167332939587,0.662836126141559,425,28.6978110042498,"aHet",114,8
0.67167332939587,0.662836126141559,142,21.5473230057209,"aHet",115,8
0.514271747636119,0.512745660070037,902,24.6500256059956,"aHet",116,8
0.640530661555939,0.537188524890421,104,22.8102374098357,"aHet",117,8
0.883908573141282,0.956757892429268,931,58.2936404323103,"aHet",118,8
0.745947698586342,0.721501629241979,725,25.2119726391339,"aHet",119,8
0.67167332939587,0.662836126141559,226,30.3580938365066,"aHet",120,8
0.631119769013229,0.576387494138447,833,20.6112052577771,"aHet",121,9
0.669649140243417,0.665376567421907,23,25.0867800774325,"aHet",122,9
0.53591010574176,0.426691021318245,860,30.2669639856873,"aHet",123,9
0.559427757081628,0.453236064220196,736,13.5237231969939,"aHet",124,9
0.669649140243417,0.665376567421907,344,30.5669205786806,"aHet",125,9
0.631119769013229,0.576387494138447,295,18.3059801947639,"aHet",126,9
0.47264190942118,0.299025310059815,120,19.3631271510907,"aHet",127,9
0.631119769013229,0.576387494138447,468,19.2163296894249,"aHet",128,9
0.559427757081628,0.453236064220196,516,19.2803701537944,"aHet",129,9
0.725511796796864,0.639124205771904,247,32,"aHet",130,9
0.310905683011622,0.271174888564952,73,55.401862212688,"aHet",131,10
0.894859291041297,0.00414763542859491,647,215.918622367661,"aHet",132,10
0.557745836875104,0.472121274111579,20,24.2846159997935,"aHet",133,10
0.631241999595782,0.561275793826757,896,33.7993496920275,"aHet",134,10
0.460665831429333,0.4020657473109,438,33.2666990747013,"aHet",135,10
0.987278775477802,0.988051442598992,752,43.3701544501481,"aHet",136,10
0.557745836875104,0.472121274111579,680,18.8802898954082,"aHet",137,10
0.557745836875104,0.472121274111579,103,21.1264462859532,"aHet",138,10
0.631241999595782,0.561275793826757,432,22.8269425664212,"aHet",139,10
0.557745836875104,0.472121274111579,590,40.4307254987644,"aHet",140,10
0.472471352452047,0.33945076352287,182,29.0891426106336,"aHet",141,11
0.474088990210824,0.326294631248587,438,25.1356714690103,"aHet",142,11
0.486700996858476,0.417912697584639,779,15.3909450040864,"aHet",143,11
0.00314060347685727,0.0827233943966825,431,88.3987926085728,"aHet",144,11
0.314216333364499,0.0665289582080061,802,38.0138067674167,"aHet",145,11
0.53026566992695,0.459719460197436,544,28.6212895904741,"aHet",146,11
0.611198574113919,0.600372816593239,195,39.3120292476025,"aHet",147,11
0.523826745882031,0.526553442619763,518,30.652475551344,"aHet",148,11
0.520399626295884,0.316497648314114,194,41.0523693555314,"aHet",149,11
0.152854627495244,0.0117787323059932,158,23.01097456639,"aHet",150,11
0.583790222544267,0.482174637982467,979,13.4023789819658,"aHet",151,12
0.541779652085221,0.40723981367464,441,40.724624608521,"aHet",152,12
0.541779652085221,0.40723981367464,689,20.3021727364778,"aHet",153,12
0.494773415209583,0.452123585586493,847,30.2458572566247,"aHet",154,12
0.541779652085221,0.40723981367464,405,19.5184604164802,"aHet",155,12
0.541779652085221,0.40723981367464,714,15.0115467108978,"aHet",156,12
0.494773415209583,0.452123585586493,320,27.9644399370003,"aHet",157,12
0.184812745162397,0.0335260214887214,414,26.1196788602459,"aHet",158,12
0.583790222544267,0.482174637982467,185,25.1374439653062,"aHet",159,12
0.541779652085221,0.40723981367464,881,15.0019800673309,"aHet",160,12
0.557131293606133,0.493837409897381,544,26.2376798056566,"aHet",161,13
0.603920380760134,0.516439007568116,893,32.3477392969549,"aHet",162,13
0.50864346017192,0.41785566892664,237,19.0169283628149,"aHet",163,13
0.50864346017192,0.41785566892664,39,13.177764049585,"aHet",164,13
0.253544997888189,0.0210365226376878,934,42.5489816750549,"aHet",165,13
0.557131293606133,0.493837409897381,389,17.2187441038785,"aHet",166,13
0.557131293606133,0.493837409897381,837,18.4766376436261,"aHet",167,13
0.50864346017192,0.41785566892664,693,39.4859293149014,"aHet",168,13
0.603920380760134,0.516439007568116,248,25.6323975074552,"aHet",169,13
0.50864346017192,0.41785566892664,18,37.7747361747148,"aHet",170,13
0.570776491327948,0.421790578879314,33,22.2592732928268,"aHet",171,14
0.570776491327948,0.421790578879314,196,19.3654280092178,"aHet",172,14
0.570776491327948,0.421790578879314,526,17.9418753503949,"aHet",173,14
0.570776491327948,0.421790578879314,837,40.2661934708716,"aHet",174,14
0.570776491327948,0.421790578879314,219,43.2370852920783,"aHet",175,14
0.570776491327948,0.421790578879314,548,11.3250795027044,"aHet",176,14
0.43169126991846,0.321640282541853,129,39.4067391331598,"aHet",177,14
0.570776491327948,0.421790578879314,301,41.9353580815252,"aHet",178,14
0.570776491327948,0.421790578879314,264,14.4448421710497,"aHet",179,14
0.570776491327948,0.421790578879314,59,31.2150002022067,"aHet",180,14
0.6150773675813,0.462789764239221,115,14.762475844834,"aHet",181,15
0.196049425465099,0.00315992194842257,203,36.2932227805961,"aHet",182,15
0.6150773675813,0.462789764239221,607,23.4995260116513,"aHet",183,15
0.6150773675813,0.462789764239221,52,37.8451770473144,"aHet",184,15
0.6150773675813,0.462789764239221,279,11.0278674904144,"aHet",185,15
0.6150773675813,0.462789764239221,741,22.4856389812707,"aHet",186,15
0.56301078928866,0.356755288321644,424,27.0737898900376,"aHet",187,15
0.6150773675813,0.462789764239221,554,44.5271082188888,"aHet",188,15
0.128275097439165,0.0264934597420485,440,73.1259594165715,"aHet",189,15
0.196049425465099,0.00315992194842257,3,31.6041418516342,"aHet",190,15
0.564334775880695,0.491130051684538,448,30.6136900716327,"aHet",191,16
0.525663510932377,0.469461091613306,128,43.4953053117048,"aHet",192,16
0.556675215808713,0.408594078121702,564,32.7343039251692,"aHet",193,16
0.556675215808713,0.408594078121702,811,18.8269871605776,"aHet",194,16
0.632707263646888,0.493607242655763,861,13.4462626851486,"aHet",195,16
0.556675215808713,0.408594078121702,772,31.1325813861038,"aHet",196,16
0.556675215808713,0.408594078121702,859,26.7787044104264,"aHet",197,16
0.564334775880695,0.491130051684538,371,22.7989490812169,"aHet",198,16
0.525663510932377,0.469461091613306,734,26.9204916613187,"aHet",199,16
0.576508066273961,0.50562720352325,190,42.216087215681,"aHet",200,16
0.553046997879901,0.440322924433926,570,49.3945521508012,"aHet",201,17
0.553046997879901,0.440322924433926,494,19.6171272914338,"aHet",202,17
0.553046997879901,0.440322924433926,868,19.9640766487119,"aHet",203,17
0.553046997879901,0.440322924433926,480,16.3737292606477,"aHet",204,17
0.553046997879901,0.440322924433926,410,19.2433606912376,"aHet",205,17
0.546157751283329,0.408364549415983,15,34.35357793348,"aHet",206,17
0.553046997879901,0.440322924433926,737,20.0908826176561,"aHet",207,17
0.616000600413331,0.534780824092403,663,32.0706213297349,"aHet",208,17
0.553046997879901,0.440322924433926,664,10.7877818676391,"aHet",209,17
0.553046997879901,0.440322924433926,102,24.1088702299045,"aHet",210,17
0.574420433848395,0.437382607329048,291,42.7302151542525,"aHet",211,18
0.574420433848395,0.437382607329048,907,19.26547211572,"aHet",212,18
0.574420433848395,0.437382607329048,895,44.6866981337737,"aHet",213,18
0.574420433848395,0.437382607329048,278,31.661576801299,"aHet",214,18
0.594088734503357,0.466571478339366,423,27.4770831605158,"aHet",215,18
0.574420433848395,0.437382607329048,118,38.9193123177572,"aHet",216,18
0.570056903084823,0.422268894504974,372,18.8188340460158,"aHet",217,18
0.594088734503357,0.466571478339366,698,18.3799287859942,"aHet",218,18
0.577712822536694,0.536173028834784,146,49.6819587949486,"aHet",219,18
0.594088734503357,0.466571478339366,519,28.4401403681208,"aHet",220,18
0.54264600356633,0.441311612262315,652,21.4383758805568,"aHet",221,19
0.54264600356633,0.441311612262315,616,31.4480555522882,"aHet",222,19
0.54264600356633,0.441311612262315,354,15.6300041491668,"aHet",223,19
0.54264600356633,0.441311612262315,904,19.9159123405491,"aHet",224,19
0.54264600356633,0.441311612262315,488,30.6068975595015,"aHet",225,19
0.54264600356633,0.441311612262315,38,23.0273191175737,"aHet",226,19
0.586875403763143,0.526827877047811,810,31.7591493015231,"aHet",227,19
0.54264600356633,0.441311612262315,397,14.1063850440111,"aHet",228,19
0.54264600356633,0.441311612262315,79,22.8512191758292,"aHet",229,19
0.54264600356633,0.441311612262315,154,13.9227003184876,"aHet",230,19
0.533372620018192,0.435245086384376,592,15.397376657106,"aHet",231,20
0.628229862644923,0.503440763541326,694,32.7261363439071,"aHet",232,20
0.533372620018192,0.435245086384376,657,42.461864078136,"aHet",233,20
0.59414268587778,0.454545814358958,742,20.2741116688351,"aHet",234,20
0.563881270188536,0.457249358364214,53,14.1368838556633,"aHet",235,20
0.563881270188536,0.457249358364214,999,20.7452726333896,"aHet",236,20
0.563881270188536,0.457249358364214,585,44.8715438284059,"aHet",237,20
0.563881270188536,0.457249358364214,951,20.3688754993718,"aHet",238,20
0.563881270188536,0.457249358364214,115,12.4112692324515,"aHet",239,20
0.533372620018192,0.435245086384376,321,39.0079961338216,"aHet",240,20
0.598733212095261,0.507141035523762,102,33.1562457715491,"aHet",241,21
0.580218006013567,0.425331817696888,178,26.0631373536048,"aHet",242,21
0.616115228206733,0.525903302971428,545,44.2730054310862,"aHet",243,21
0.598733212095261,0.507141035523762,296,31.5169292870224,"aHet",244,21
0.598733212095261,0.507141035523762,534,18.6002767998141,"aHet",245,21
0.598733212095261,0.507141035523762,538,35.6928592020841,"aHet",246,21
0.580218006013567,0.425331817696888,994,40.7383585995575,"aHet",247,21
0.500547900019097,0.405191600902612,42,21.1472910982017,"aHet",248,21
0.500547900019097,0.405191600902612,184,16.1014727817853,"aHet",249,21
0.500547900019097,0.405191600902612,670,22.9128784747792,"aHet",250,21
0.509573640319572,0.452718065203488,631,24.1992553686273,"aHet",251,22
0.619604465271618,0.498593528352716,855,12.4431379952292,"aHet",252,22
0.50548728856839,0.357632608077238,883,14.6314458588614,"aHet",253,22
0.619604465271618,0.498593528352716,224,26.0604780242321,"aHet",254,22
0.495209950009462,0.400690179574888,851,60.9778404808088,"aHet",255,22
0.509573640319572,0.452718065203488,672,17.1386310208058,"aHet",256,22
0.565615410753762,0.522765713756687,400,20.1086159554447,"aHet",257,22
0.509573640319572,0.452718065203488,731,18.7252146413956,"aHet",258,22
0.495209950009462,0.400690179574888,831,14.1617250165912,"aHet",259,22
0.495209950009462,0.400690179574888,878,13.8292271928866,"aHet",260,22
0.504324349111433,0.381527742923263,92,29.8063053997666,"aHet",261,23
0.562364887348186,0.479829774612633,665,26.9359342599332,"aHet",262,23
0.5553048350079,0.40755564208207,450,19.6246965039281,"aHet",263,23
0.562364887348186,0.479829774612633,744,24.1484681678049,"aHet",264,23
0.280566129001052,0.0130940307999976,162,44.0615006733107,"aHet",265,23
0.504324349111433,0.381527742923263,227,23.5338391291862,"aHet",266,23
0.562364887348186,0.479829774612633,681,40.7304590819905,"aHet",267,23
0.504324349111433,0.381527742923263,511,40.7038325001224,"aHet",268,23
0.5553048350079,0.40755564208207,525,18.5365574041147,"aHet",269,23
0.504324349111433,0.381527742923263,442,23.421239408826,"aHet",270,23
0.561747804531992,0.499651498132237,369,28.1903009793605,"aHet",271,24
0.571843236846354,0.428082225113997,931,40.0160858744689,"aHet",272,24
0.559529039439055,0.41725442584191,530,17.9211695162923,"aHet",273,24
0.559529039439055,0.41725442584191,208,36.8167794290151,"aHet",274,24
0.571843236846354,0.428082225113997,329,18.8658631416431,"aHet",275,24
0.559529039439055,0.41725442584191,148,39.631095901782,"aHet",276,24
0.559529039439055,0.41725442584191,112,54.6362408286038,"aHet",277,24
0.571843236846354,0.428082225113997,189,19.4279578070999,"aHet",278,24
0.571843236846354,0.428082225113997,981,24.25075276978,"aHet",279,24
0.559529039439055,0.41725442584191,317,17.4375831734416,"aHet",280,24
0.576756392498726,0.43947672869751,1000,15.2364206705999,"aHet",281,25
0.499416982496752,0.39711486340233,435,16.836429150347,"aHet",282,25
0.540077514195352,0.480442624720105,525,24.8115670884799,"aHet",283,25
0.681524863699916,0.56548116296507,176,47.1363096048929,"aHet",284,25
0.499416982496752,0.39711486340233,329,15.3258340105461,"aHet",285,25
0.582433783353485,0.478363130158615,534,17.8843922219491,"aHet",286,25
0.540077514195352,0.480442624720105,60,20.7015568362755,"aHet",287,25
0.540077514195352,0.480442624720105,868,18.1337167499748,"aHet",288,25
0.582433783353485,0.478363130158615,210,29.0653071411248,"aHet",289,25
0.499416982496752,0.39711486340233,762,16.0435669227251,"aHet",290,25
0.505123573317553,0.344796421417863,905,27.3008540830386,"aHet",291,26
0.496706309612987,0.440695366952116,403,38.3844543615467,"aHet",292,26
0.586608289898434,0.452073920130098,687,74.4255891265342,"aHet",293,26
0.496706309612987,0.440695366952116,694,15.8048119004283,"aHet",294,26
0.589400764786052,0.469540344740926,63,11.196268826871,"aHet",295,26
0.586608289898434,0.452073920130098,705,47.8478405111888,"aHet",296,26
0.586608289898434,0.452073920130098,410,23.4584106388939,"aHet",297,26
0.496706309612987,0.440695366952116,171,23.8128012831438,"aHet",298,26
0.487304877586098,0.352442408271881,448,25.9336548802043,"aHet",299,26
0.586608289898434,0.452073920130098,856,32.431344085744,"aHet",300,26
0.524864986530594,0.41947706419231,253,13.1837734047623,"aHet",301,27
0.524864986530594,0.41947706419231,531,14.2797370805316,"aHet",302,27
0.524864986530594,0.41947706419231,974,17.4213934716787,"aHet",303,27
0.524864986530594,0.41947706419231,242,14.8146970108994,"aHet",304,27
0.524864986530594,0.41947706419231,783,11.9358848241198,"aHet",305,27
0.524864986530594,0.41947706419231,81,15.9233933395349,"aHet",306,27
0.524864986530594,0.41947706419231,291,42.2028341219022,"aHet",307,27
0.524864986530594,0.41947706419231,265,16.5173176447696,"aHet",308,27
0.524864986530594,0.41947706419231,823,31.4622199968266,"aHet",309,27
0.524864986530594,0.41947706419231,9,14.5768703264745,"aHet",310,27
0.507889188079592,0.443533042107179,14,58.7127594208608,"aHet",311,28
0.507889188079592,0.443533042107179,733,20.6169688834366,"aHet",312,28
0.57516860270662,0.431798467225513,653,14.5142470123887,"aHet",313,28
0.507889188079592,0.443533042107179,912,16.0882467400372,"aHet",314,28
0.507889188079592,0.443533042107179,30,16.5454669093237,"aHet",315,28
0.507889188079592,0.443533042107179,505,24.4461420552638,"aHet",316,28
0.507889188079592,0.443533042107179,244,23.5271067595497,"aHet",317,28
0.507889188079592,0.443533042107179,567,18.2477450119132,"aHet",318,28
0.507889188079592,0.443533042107179,292,17.1968797538195,"aHet",319,28
0.537040872811712,0.471880596219263,730,17.652307509106,"aHet",320,28
0.565547636405212,0.418154439672929,414,18.4959187363318,"aHet",321,29
0.580617919110116,0.464550696593901,982,13.2892422807337,"aHet",322,29
0.565547636405212,0.418154439672929,454,14.9772104105928,"aHet",323,29
0.558127394834289,0.475429393302149,480,24.8687644555284,"aHet",324,29
0.560990539228322,0.390721715645564,500,32.9309207972455,"aHet",325,29
0.580617919110116,0.464550696593901,539,25.9761886395526,"aHet",326,29
0.565547636405212,0.418154439672929,551,29.0155301536782,"aHet",327,29
0.580617919110116,0.464550696593901,573,49.013637221322,"aHet",328,29
0.580617919110116,0.464550696593901,865,16.946041332172,"aHet",329,29
0.565547636405212,0.418154439672929,346,33.1935518013381,"aHet",330,29
0.510162591930727,0.415643456415226,996,14.7221796707358,"aHet",331,30
0.510162591930727,0.415643456415226,784,11.2689883756219,"aHet",332,30
0.577136707340549,0.424313041634841,890,16.7769289959353,"aHet",333,30
0.510162591930727,0.415643456415226,896,21.2835640579744,"aHet",334,30
0.510162591930727,0.415643456415226,166,20.4702150201286,"aHet",335,30
0.504441657504873,0.437004617319491,362,27.2925115758666,"aHet",336,30
0.510162591930727,0.415643456415226,483,13.3938806775318,"aHet",337,30
0.504441657504873,0.437004617319491,195,19.3429189847728,"aHet",338,30
0.510162591930727,0.415643456415226,648,13.7700349086754,"aHet",339,30
0.510162591930727,0.415643456415226,632,21.9601348983214,"aHet",340,30
0.512331222110568,0.448621506195115,170,91.1544223440162,"aHet",341,31
0.551262106508709,0.391904012036905,497,31.2794811433,"aHet",342,31
0.512331222110568,0.448621506195115,838,53.0403358560518,"aHet",343,31
0.512331222110568,0.448621506195115,36,38.8625401859293,"aHet",344,31
0.512331222110568,0.448621506195115,106,14.0349634135541,"aHet",345,31
0.512331222110568,0.448621506195115,951,17.0270605824731,"aHet",346,31
0.512331222110568,0.448621506195115,167,20.5112864366701,"aHet",347,31
0.551262106508709,0.391904012036905,547,30.892659899134,"aHet",348,31
0.512331222110568,0.448621506195115,995,36.6180445698403,"aHet",349,31
0.512331222110568,0.448621506195115,436,17.138919868458,"aHet",350,31
0.522676113493,0.42952756135646,143,29.418792404425,"aHet",351,32
0.522676113493,0.42952756135646,583,20.6519962835327,"aHet",352,32
0.522676113493,0.42952756135646,130,12.7489079322641,"aHet",353,32
0.594280263222138,0.496802140740893,349,23.9595368473724,"aHet",354,32
0.555410081736496,0.387275261524584,803,36.5650105975644,"aHet",355,32
0.522676113493,0.42952756135646,159,14.1246221363635,"aHet",356,32
0.522676113493,0.42952756135646,868,32.1872614861873,"aHet",357,32
0.623661870245985,0.506701581440628,389,41.6759065662501,"aHet",358,32
0.522676113493,0.42952756135646,828,15.2578497894697,"aHet",359,32
0.433581890049529,0.393130479052047,940,31.9987623523037,"aHet",360,32
0.571887062525054,0.435218671591979,788,21.8786029564671,"aHet",361,33
0.571887062525054,0.435218671591979,60,33.9580405037082,"aHet",362,33
0.571887062525054,0.435218671591979,626,11.9801816545179,"aHet",363,33
0.571887062525054,0.435218671591979,195,17.242016376076,"aHet",364,33
0.571887062525054,0.435218671591979,496,26.818605925036,"aHet",365,33
0.571887062525054,0.435218671591979,802,20.4919689654071,"aHet",366,33
0.571887062525054,0.435218671591979,188,20.8815613391431,"aHet",367,33
0.529241869735076,0.515206798047008,637,31.0515381229655,"aHet",368,33
0.448949756695621,0.370201298956487,698,41.291166077499,"aHet",369,33
0.571887062525054,0.435218671591979,42,27.719421650418,"aHet",370,33
0.550392538364187,0.417346451085307,716,44.3273154058433,"aHet",371,34
0.504269059419604,0.406064542848001,851,51.1524609127043,"aHet",372,34
0.504269059419604,0.406064542848001,768,11.217030898514,"aHet",373,34
0.550392538364187,0.417346451085307,493,26.4354247775275,"aHet",374,34
0.504269059419604,0.406064542848001,266,26.7292993837204,"aHet",375,34
0.525290190576341,0.465812922671405,817,67.5412598503923,"aHet",376,34
0.550392538364187,0.417346451085307,959,12.0074234464261,"aHet",377,34
0.504269059419604,0.406064542848001,575,26.7992167759056,"aHet",378,34
0.504269059419604,0.406064542848001,156,15.8617167862101,"aHet",379,34
0.504269059419604,0.406064542848001,41,22.643382527291,"aHet",380,34
0.535693399126386,0.400563215604353,644,31.6995486740523,"aHet",381,35
0.535693399126386,0.400563215604353,488,53.5201451847252,"aHet",382,35
0.535693399126386,0.400563215604353,967,20.8616375386037,"aHet",383,35
0.535693399126386,0.400563215604353,520,12.3356522661626,"aHet",384,35
0.535693399126386,0.400563215604353,306,19.4238803721829,"aHet",385,35
0.568023158662805,0.477277490793405,386,13.1935327691522,"aHet",386,35
0.535693399126386,0.400563215604353,855,18.2770212275003,"aHet",387,35
0.535693399126386,0.400563215604353,581,27.6536213230244,"aHet",388,35
0.535693399126386,0.400563215604353,557,10.5380028919381,"aHet",389,35
0.535693399126386,0.400563215604353,716,25.3839818518188,"aHet",390,35
0.500719280312066,0.430099005664694,600,21.8149281252291,"aHet",391,36
0.500719280312066,0.430099005664694,788,20.5758678221275,"aHet",392,36
0.500719280312066,0.430099005664694,21,21.1648410116756,"aHet",393,36
0.500719280312066,0.430099005664694,806,27.2056706377822,"aHet",394,36
0.500719280312066,0.430099005664694,840,15.7357510588513,"aHet",395,36
0.500719280312066,0.430099005664694,56,17.5174594658761,"aHet",396,36
0.577641000061863,0.422655172834965,143,15.463146862495,"aHet",397,36
0.577641000061863,0.422655172834965,725,16.9009929991239,"aHet",398,36
0.500719280312066,0.430099005664694,699,24.9635377665463,"aHet",399,36
0.500719280312066,0.430099005664694,216,16.7792894502552,"aHet",400,36
0.534352054745925,0.386647518910115,806,16.2785164867656,"aHet",401,37
0.509569439990636,0.456428273036504,420,35.75286459478,"aHet",402,37
0.534352054745925,0.386647518910115,909,34.109027288597,"aHet",403,37
0.534352054745925,0.386647518910115,358,36.7430198126188,"aHet",404,37
0.596438781615997,0.459010073007733,141,29.0228656867868,"aHet",405,37
0.534352054745925,0.386647518910115,519,47.6548024654368,"aHet",406,37
0.534352054745925,0.386647518910115,597,12.1793527604453,"aHet",407,37
0.534352054745925,0.386647518910115,191,80.5240263019752,"aHet",408,37
0.509569439990636,0.456428273036504,741,42.4423896080742,"aHet",409,37
0.509569439990636,0.456428273036504,852,22.3265592406164,"aHet",410,37
0.488641702809891,0.406567271245281,259,16.8125954669894,"aHet",411,38
0.565840334878611,0.461657839107374,900,24.3678492938528,"aHet",412,38
0.488641702809891,0.406567271245281,76,16.1830494378813,"aHet",413,38
0.492421703491076,0.390526733650108,66,14.0835554691798,"aHet",414,38
0.488641702809891,0.406567271245281,971,21.3469686210228,"aHet",415,38
0.488641702809891,0.406567271245281,710,27.4379588190961,"aHet",416,38
0.565840334878611,0.461657839107374,864,21.252606130231,"aHet",417,38
0.565840334878611,0.461657839107374,474,24.0270062576046,"aHet",418,38
0.488641702809891,0.406567271245281,958,27.4238820543462,"aHet",419,38
0.492421703491076,0.390526733650108,986,17.845042576426,"aHet",420,38
0.560758594316111,0.411595956127989,622,28.9666930616992,"aHet",421,39
0.607979175926501,0.463851948361457,819,26.1804476964042,"aHet",422,39
0.603596271201889,0.477154735817725,328,44.4941869604033,"aHet",423,39
0.560758594316111,0.411595956127989,841,33.041827677016,"aHet",424,39
0.560758594316111,0.411595956127989,583,12.599701395173,"aHet",425,39
0.560758594316111,0.411595956127989,636,51.4610301467273,"aHet",426,39
0.560758594316111,0.411595956127989,580,17.8208910668306,"aHet",427,39
0.559597841885366,0.48472561576214,74,25.8499095120694,"aHet",428,39
0.559597841885366,0.48472561576214,67,25.6051510906739,"aHet",429,39
0.559597841885366,0.48472561576214,432,24.7818202289781,"aHet",430,39
0.498026700989705,0.402692644047961,605,14.1084905270016,"aHet",431,40
0.498026700989705,0.402692644047961,98,14.3909349905067,"aHet",432,40
0.498026700989705,0.402692644047961,260,34.208301927925,"aHet",433,40
0.498026700989705,0.402692644047961,719,21.5461742256572,"aHet",434,40
0.498026700989705,0.402692644047961,122,28.4751063767691,"aHet",435,40
0.498026700989705,0.402692644047961,572,47.2695032827092,"aHet",436,40
0.498026700989705,0.402692644047961,790,26.9280302265351,"aHet",437,40
0.498026700989705,0.402692644047961,871,12.6538062211015,"aHet",438,40
0.498026700989705,0.402692644047961,323,15.690698512239,"aHet",439,40
0.498026700989705,0.402692644047961,903,12.4614256292316,"aHet",440,40
0.548047412615113,0.468739301596544,552,25.905960933368,"aHet",441,41
0.49186217446571,0.370587763853687,158,22.5921654693405,"aHet",442,41
0.595239176346981,0.449402039647767,60,38.7934362111596,"aHet",443,41
0.49186217446571,0.370587763853687,145,14.1666181323183,"aHet",444,41
0.548047412615113,0.468739301596544,125,16.6611542038942,"aHet",445,41
0.548047412615113,0.468739301596544,336,17.6014738356798,"aHet",446,41
0.548047412615113,0.468739301596544,496,23.5869992719181,"aHet",447,41
0.595239176346981,0.449402039647767,245,14.4335280743575,"aHet",448,41
0.49186217446571,0.370587763853687,335,20.1676144664491,"aHet",449,41
0.548047412615113,0.468739301596544,616,23.6440183547636,"aHet",450,41
0.531448813001626,0.414084354839135,717,19.1471632725618,"aHet",451,42
0.493164912541234,0.438877696911194,550,66.0520346933288,"aHet",452,42
0.531448813001626,0.414084354839135,457,13.2552997060432,"aHet",453,42
0.531448813001626,0.414084354839135,816,13.1593433282852,"aHet",454,42
0.493164912541234,0.438877696911194,265,23.407919451957,"aHet",455,42
0.493164912541234,0.438877696911194,694,16.5929723881307,"aHet",456,42
0.493164912541234,0.438877696911194,10,14.704683701878,"aHet",457,42
0.531448813001626,0.414084354839135,655,37.709940386593,"aHet",458,42
0.531448813001626,0.414084354839135,24,19.4027149269027,"aHet",459,42
0.531448813001626,0.414084354839135,389,15.7991728070218,"aHet",460,42
0.513100664268033,0.400114196473441,706,18.9603546777203,"aHet",461,43
0.513100664268033,0.400114196473441,187,17.0700362803909,"aHet",462,43
0.497052023485611,0.416929246079172,843,22.3168009347307,"aHet",463,43
0.513100664268033,0.400114196473441,771,18.9085867654182,"aHet",464,43
0.551971821075806,0.449325569289786,714,13.3145494750206,"aHet",465,43
0.513100664268033,0.400114196473441,661,21.3058816775886,"aHet",466,43
0.513100664268033,0.400114196473441,503,19.7012338157128,"aHet",467,43
0.513100664268033,0.400114196473441,589,35.1558059652927,"aHet",468,43
0.513100664268033,0.400114196473441,923,12.5082151222528,"aHet",469,43
0.497052023485611,0.416929246079172,6,24.4785216016405,"aHet",470,43
0.553778224754142,0.453468310759399,632,37.2322121792726,"aHet",471,44
0.553778224754142,0.453468310759399,755,51.8763762790115,"aHet",472,44
0.553778224754142,0.453468310759399,825,17.5555694809932,"aHet",473,44
0.553778224754142,0.453468310759399,695,49.018182118657,"aHet",474,44
0.553778224754142,0.453468310759399,412,17.2583743483711,"aHet",475,44
0.552236938513036,0.457910010632424,627,14.9798544587042,"aHet",476,44
0.553778224754142,0.453468310759399,885,15.9656190014359,"aHet",477,44
0.553778224754142,0.453468310759399,921,13.2178996549047,"aHet",478,44
0.553778224754142,0.453468310759399,245,10.9517393166294,"aHet",479,44
0.553778224754142,0.453468310759399,897,22.7110563208302,"aHet",480,44
0.456540943183152,0.391834983511186,519,27.2384047453096,"aHet",481,45
0.607025711671075,0.496024156099843,33,28.7961424809327,"aHet",482,45
0.469605089882469,0.363281598543282,220,14.6216305249422,"aHet",483,45
0.469605089882469,0.363281598543282,815,16.0805521800665,"aHet",484,45
0.456540943183152,0.391834983511186,274,13.2059092683526,"aHet",485,45
0.456540943183152,0.391834983511186,806,29.6552801970299,"aHet",486,45
0.469605089882469,0.363281598543282,710,21.884711422804,"aHet",487,45
0.469605089882469,0.363281598543282,127,26.8283875072212,"aHet",488,45
0.469605089882469,0.363281598543282,193,28.9924879311115,"aHet",489,45
0.607025711671075,0.496024156099843,57,20.1140313568847,"aHet",490,45
0.53982322225353,0.433684661457045,915,42.0737212497538,"aHet",491,46
0.469782368218668,0.36441206647729,456,15.5903625981115,"aHet",492,46
0.53982322225353,0.433684661457045,212,16.8296649925771,"aHet",493,46
0.53982322225353,0.433684661457045,346,12.7267551649941,"aHet",494,46
0.53982322225353,0.433684661457045,916,25.8228925989754,"aHet",495,46
0.53982322225353,0.433684661457045,972,35.5250573957354,"aHet",496,46
0.53982322225353,0.433684661457045,732,13.8542626674755,"aHet",497,46
0.53982322225353,0.433684661457045,970,34.2444618634434,"aHet",498,46
0.53982322225353,0.433684661457045,255,39.5257780279259,"aHet",499,46
0.53982322225353,0.433684661457045,182,39.5699656079939,"aHet",500,46
0.511073697289532,0.376676997081519,205,12.0317237434053,"aHet",501,47
0.511073697289532,0.376676997081519,56,12.7407508677184,"aHet",502,47
0.519221140670141,0.386862559595689,810,40.6881401943521,"aHet",503,47
0.519221140670141,0.386862559595689,700,30.2594392440828,"aHet",504,47
0.511073697289532,0.376676997081519,529,25.6289208543476,"aHet",505,47
0.519221140670141,0.386862559595689,413,19.628984428721,"aHet",506,47
0.44236754710374,0.331278455841203,377,24.5163109979967,"aHet",507,47
0.519221140670141,0.386862559595689,777,17.7102644064547,"aHet",508,47
0.511073697289532,0.376676997081519,805,28.1314101605974,"aHet",509,47
0.511073697289532,0.376676997081519,154,11.8947529825067,"aHet",510,47
0.462231105321178,0.340926693442683,335,19.2580187747523,"aHet",511,48
0.482038968353037,0.413116062138675,464,23.3036350370622,"aHet",512,48
0.482038968353037,0.413116062138675,449,17.5126545476958,"aHet",513,48
0.523379493659266,0.378486444593448,147,42.6984591740918,"aHet",514,48
0.523379493659266,0.378486444593448,305,32.8812745772086,"aHet",515,48
0.407874784237212,0.162112725980421,451,31.22657537901,"aHet",516,48
0.534153048625861,0.472184484025507,420,24.4629442946747,"aHet",517,48
0.523379493659266,0.378486444593448,315,26.3831254200615,"aHet",518,48
0.482038968353037,0.413116062138675,796,14.905643824464,"aHet",519,48
0.462231105321178,0.340926693442683,552,19.5569743959732,"aHet",520,48
0.530549037086464,0.404397458289621,707,16.3870269867767,"aHet",521,49
0.530549037086464,0.404397458289621,252,14.8916881594272,"aHet",522,49
0.446470295980372,0.394377137863335,955,19.7917374499342,"aHet",523,49
0.530549037086464,0.404397458289621,92,34.8689200314322,"aHet",524,49
0.530549037086464,0.404397458289621,437,25.5406877877881,"aHet",525,49
0.530549037086464,0.404397458289621,590,50.250264764585,"aHet",526,49
0.487427687050772,0.355670015736972,617,25.3113288141226,"aHet",527,49
0.530549037086464,0.404397458289621,405,16.8746103732064,"aHet",528,49
0.530549037086464,0.404397458289621,508,23.9977309158368,"aHet",529,49
0.530549037086464,0.404397458289621,228,11.9537060825884,"aHet",530,49
0.500060560422795,0.415983191528396,971,15.7907103910326,"aHet",531,50
0.500060560422795,0.415983191528396,262,41.2091982426494,"aHet",532,50
0.500060560422795,0.415983191528396,500,17.6649230100359,"aHet",533,50
0.484866151607922,0.40171749811826,141,12.447115853454,"aHet",534,50
0.500060560422795,0.415983191528396,33,14.2001255049537,"aHet",535,50
0.500060560422795,0.415983191528396,999,18.1991186817406,"aHet",536,50
0.500060560422795,0.415983191528396,669,11.9892691294101,"aHet",537,50
0.500060560422795,0.415983191528396,633,19.9521705313204,"aHet",538,50
0.484866151607922,0.40171749811826,318,19.6239397140582,"aHet",539,50
0.500060560422795,0.415983191528396,559,19.8855636974252,"aHet",540,50
0.477063661621843,0.377312133547176,270,29.4332606362796,"aHet",541,51
0.42806289210286,0.347674844090474,445,20.41645618535,"aHet",542,51
0.494628840056397,0.420233603117648,576,44.4995271973993,"aHet",543,51
0.488067864412817,0.411250161315583,642,19.9248588451713,"aHet",544,51
0.477063661621843,0.377312133547176,736,27.7898763531393,"aHet",545,51
0.488067864412817,0.411250161315583,622,16.5547396820546,"aHet",546,51
0.416197798487723,0.215205998773161,81,18.6727948450877,"aHet",547,51
0.477063661621843,0.377312133547176,739,13.1092137502031,"aHet",548,51
0.477063661621843,0.377312133547176,832,20.7965153212011,"aHet",549,51
0.474080796825748,0.396312943266313,461,20.3696046127363,"aHet",550,51
0.50387591648156,0.450527008595325,630,24.6662875717903,"aHet",551,52
0.415721966475258,0.380330155178784,508,16.1582520376089,"aHet",552,52
0.533945079705626,0.46333845989604,46,37.9933553335968,"aHet",553,52
0.50387591648156,0.450527008595325,933,22.7018994276638,"aHet",554,52
0.50387591648156,0.450527008595325,323,33.6681534161802,"aHet",555,52
0.533945079705626,0.46333845989604,547,16.8376052482249,"aHet",556,52
0.533945079705626,0.46333845989604,710,27.5761771200153,"aHet",557,52
0.50387591648156,0.450527008595325,294,27.4352523098828,"aHet",558,52
0.388930254715985,0.304794701751653,642,33.9384999989425,"aHet",559,52
0.50387591648156,0.450527008595325,282,22.1366145327215,"aHet",560,52
0.496379758560152,0.420140067571378,664,15.3154939990731,"aHet",561,53
0.496379758560152,0.420140067571378,363,15.2999708794132,"aHet",562,53
0.474381074504776,0.394786035600552,693,41.4334728603255,"aHet",563,53
0.496379758560152,0.420140067571378,58,15.3096746736781,"aHet",564,53
0.496379758560152,0.420140067571378,596,27.4990548892499,"aHet",565,53
0.474381074504776,0.394786035600552,320,25.9019476311939,"aHet",566,53
0.496379758560152,0.420140067571378,317,29.8210836440088,"aHet",567,53
0.474381074504776,0.394786035600552,806,35.8227208169993,"aHet",568,53
0.474381074504776,0.394786035600552,972,21.1374567819291,"aHet",569,53
0.474381074504776,0.394786035600552,105,21.5183550477353,"aHet",570,53
0.488531773879393,0.399482969808198,683,16.0095887109279,"aHet",571,54
0.533511565837871,0.419597979514442,232,20.4644100625432,"aHet",572,54
0.488531773879393,0.399482969808198,373,30.7564691738113,"aHet",573,54
0.488531773879393,0.399482969808198,479,18.2064616970117,"aHet",574,54
0.488531773879393,0.399482969808198,84,24.4524189412665,"aHet",575,54
0.488531773879393,0.399482969808198,250,17.7465656976049,"aHet",576,54
0.488531773879393,0.399482969808198,861,24.5245885907298,"aHet",577,54
0.488531773879393,0.399482969808198,781,18.2089087107285,"aHet",578,54
0.488531773879393,0.399482969808198,101,16.6656105275932,"aHet",579,54
0.488531773879393,0.399482969808198,598,13.7488073290121,"aHet",580,54
0.477202778655796,0.406157193115314,194,25.3586160099599,"aHet",581,55
0.509847997313613,0.395246010548744,27,42.591660039854,"aHet",582,55
0.477202778655796,0.406157193115314,86,33.3707051228475,"aHet",583,55
0.477202778655796,0.406157193115314,349,20.892937837584,"aHet",584,55
0.477202778655796,0.406157193115314,32,18.7130493993305,"aHet",585,55
0.477202778655796,0.406157193115314,354,14.4012513207693,"aHet",586,55
0.509847997313613,0.395246010548744,56,15.8523509203831,"aHet",587,55
0.477202778655796,0.406157193115314,719,22.7306658133199,"aHet",588,55
0.509847997313613,0.395246010548744,332,11.9628136694964,"aHet",589,55
0.477202778655796,0.406157193115314,596,29.0578119555407,"aHet",590,55
0.522279591876637,0.395429502956045,24,15.347460847171,"aHet",591,56
0.522279591876637,0.395429502956045,129,18.8322453612556,"aHet",592,56
0.522279591876637,0.395429502956045,477,54.6444855587478,"aHet",593,56
0.522279591876637,0.395429502956045,836,15.8879118380691,"aHet",594,56
0.522279591876637,0.395429502956045,724,25.1045339284038,"aHet",595,56
0.522279591876637,0.395429502956045,471,11.5976269337761,"aHet",596,56
0.522279591876637,0.395429502956045,795,18.9444210549943,"aHet",597,56
0.522279591876637,0.395429502956045,233,33.3678863817317,"aHet",598,56
0.522279591876637,0.395429502956045,781,16.2508187150953,"aHet",599,56
0.522279591876637,0.395429502956045,608,14.1218179627928,"aHet",600,56
0.539612328024934,0.440070512508941,945,22.8916950654664,"aHet",601,57
0.551013319498403,0.424152083139545,446,13.4366868853689,"aHet",602,57
0.539612328024934,0.440070512508941,93,48.5960312929538,"aHet",603,57
0.539612328024934,0.440070512508941,515,21.9452514090393,"aHet",604,57
0.551013319498403,0.424152083139545,97,23.0696320038287,"aHet",605,57
0.479656775745316,0.315767193357813,597,15.589727513988,"aHet",606,57
0.539612328024934,0.440070512508941,890,40.0267237462846,"aHet",607,57
0.551013319498403,0.424152083139545,703,17.1244715174652,"aHet",608,57
0.551013319498403,0.424152083139545,399,23.5344701901002,"aHet",609,57
0.435428258648316,0.373617777085599,785,21.9378058778145,"aHet",610,57
0.51414352407745,0.430395309420809,206,13.2780620081799,"aHet",611,58
0.491198900008764,0.366317760650028,833,28.6110828072959,"aHet",612,58
0.491198900008764,0.366317760650028,110,30.8565829746472,"aHet",613,58
0.491198900008764,0.366317760650028,730,13.7026412139275,"aHet",614,58
0.502579280161031,0.428274579152987,726,19.5979388691972,"aHet",615,58
0.491198900008764,0.366317760650028,248,15.470508513406,"aHet",616,58
0.398312831411475,0.209282070776307,547,24.6618718022797,"aHet",617,58
0.51414352407745,0.430395309420809,835,15.4420026403493,"aHet",618,58
0.502579280161031,0.428274579152987,106,29.9402044345752,"aHet",619,58
0.502579280161031,0.428274579152987,767,24.6383746410045,"aHet",620,58
0.431790277576108,0.386407116826528,8,32.0477675656292,"aHet",621,59
0.539530683021741,0.420082642732463,977,17.9275218478171,"aHet",622,59
0.539530683021741,0.420082642732463,803,20.4508587536655,"aHet",623,59
0.539530683021741,0.420082642732463,480,30.2671275462504,"aHet",624,59
0.539530683021741,0.420082642732463,980,51.371969087439,"aHet",625,59
0.539530683021741,0.420082642732463,802,26.3705506312261,"aHet",626,59
0.539530683021741,0.420082642732463,721,12.5362839725967,"aHet",627,59
0.539530683021741,0.420082642732463,371,14.3544245774777,"aHet",628,59
0.539530683021741,0.420082642732463,460,13.6936062264529,"aHet",629,59
0.539530683021741,0.420082642732463,432,27.3414420878919,"aHet",630,59
0.439466750802593,0.345251471788193,746,16.2967530022346,"aHet",631,60
0.534377145325275,0.449088682087249,255,37.1876430024707,"aHet",632,60
0.458246700546066,0.26082362576642,439,29.2953549523159,"aHet",633,60
0.534377145325275,0.449088682087249,159,18.6388288418039,"aHet",634,60
0.534377145325275,0.449088682087249,267,13.9801839957297,"aHet",635,60
0.481576778130386,0.444613224035535,1,18.2176065419915,"aHet",636,60
0.439466750802593,0.345251471788193,987,16.4298689605062,"aHet",637,60
0.439466750802593,0.345251471788193,293,19.3052601460568,"aHet",638,60
0.534377145325275,0.449088682087249,274,20.3021727364778,"aHet",639,60
0.534377145325275,0.449088682087249,40,20.2044010498252,"aHet",640,60
0.448464653493439,0.300349855488556,351,43.4646778179913,"aHet",641,61
0.455387809027787,0.310967048182912,393,35.0002828842882,"aHet",642,61
0.468885633715041,0.346377070751892,394,20.5765896009023,"aHet",643,61
0.452875406322547,0.358844453855397,173,32.5556644399821,"aHet",644,61
0.468885633715041,0.346377070751892,464,42.9685586179356,"aHet",645,61
0.443898928336473,0.378293143468154,874,26.9598160818711,"aHet",646,61
0.525066439411307,0.431883556627472,950,25.8556541492407,"aHet",647,61
0.452875406322547,0.358844453855397,637,12.9553689317756,"aHet",648,61
0.525066439411307,0.431883556627472,783,15.6755469530485,"aHet",649,61
0.525066439411307,0.431883556627472,10,18.590959156973,"aHet",650,61
0.472824729807598,0.394847116130562,268,24.8229373326724,"aHet",651,62
0.472824729807598,0.394847116130562,706,15.1712991148314,"aHet",652,62
0.472824729807598,0.394847116130562,696,18.7782790046436,"aHet",653,62
0.472824729807598,0.394847116130562,295,22.0397929946614,"aHet",654,62
0.472824729807598,0.394847116130562,137,19.1784222809938,"aHet",655,62
0.472824729807598,0.394847116130562,595,65.1893661983804,"aHet",656,62
0.472824729807598,0.394847116130562,479,27.3437957920409,"aHet",657,62
0.472824729807598,0.394847116130562,317,17.1068280039415,"aHet",658,62
0.472824729807598,0.394847116130562,406,41.5363374255925,"aHet",659,62
0.472824729807598,0.394847116130562,993,23.2072027057494,"aHet",660,62
0.525316417611053,0.423556044514918,635,34.4836020723066,"aHet",661,63
0.525316417611053,0.423556044514918,541,28.5896193859531,"aHet",662,63
0.459514864262943,0.332629675259319,307,19.0538580069889,"aHet",663,63
0.525316417611053,0.423556044514918,601,23.4706473521442,"aHet",664,63
0.525316417611053,0.423556044514918,995,15.5142859747695,"aHet",665,63
0.525316417611053,0.423556044514918,36,42.1134723628371,"aHet",666,63
0.525316417611053,0.423556044514918,959,14.1659192192647,"aHet",667,63
0.525316417611053,0.423556044514918,793,17.4852129889037,"aHet",668,63
0.525316417611053,0.423556044514918,49,20.4721496402085,"aHet",669,63
0.525316417611053,0.423556044514918,119,29.2110788693754,"aHet",670,63
0.544589878203939,0.407713447877017,608,12.2886085864145,"aHet",671,64
0.544589878203939,0.407713447877017,684,19.4088374277552,"aHet",672,64
0.544589878203939,0.407713447877017,570,57.8907301185895,"aHet",673,64
0.544589878203939,0.407713447877017,664,12.5757113059852,"aHet",674,64
0.544589878203939,0.407713447877017,236,25.1901678131656,"aHet",675,64
0.544589878203939,0.407713447877017,623,14.0102508440381,"aHet",676,64
0.544589878203939,0.407713447877017,596,12.5879087041714,"aHet",677,64
0.544589878203939,0.407713447877017,632,40.0163332989552,"aHet",678,64
0.466554569779465,0.427097960035142,215,21.4436863241448,"aHet",679,64
0.544589878203939,0.407713447877017,219,38.9853996534422,"aHet",680,64
0.47319598038415,0.377998068606276,579,31.7507308717624,"aHet",681,65
0.477037001836993,0.399138054864808,703,14.7732029280206,"aHet",682,65
0.477037001836993,0.399138054864808,622,12.4773061322079,"aHet",683,65
0.477037001836993,0.399138054864808,925,17.3279377233003,"aHet",684,65
0.477037001836993,0.399138054864808,698,22.9521672222477,"aHet",685,65
0.47319598038415,0.377998068606276,802,13.8041463135373,"aHet",686,65
0.477037001836993,0.399138054864808,617,14.9023222324842,"aHet",687,65
0.477037001836993,0.399138054864808,429,23.6222331922725,"aHet",688,65
0.477037001836993,0.399138054864808,307,16.562811738146,"aHet",689,65
0.47319598038415,0.377998068606276,937,13.6189297496078,"aHet",690,65
0.585325798977603,0.494350191795798,161,47.3649199678872,"aHet",691,66
0.513498050391058,0.458546331947738,504,44.7054164215673,"aHet",692,66
0.42716519055291,0.360024886929266,977,29.448898515265,"aHet",693,66
0.42716519055291,0.360024886929266,298,23.3138296610691,"aHet",694,66
0.426213178613661,0.392447206032238,155,47.3670102852854,"aHet",695,66
0.42716519055291,0.360024886929266,38,33.4065861769801,"aHet",696,66
0.42716519055291,0.360024886929266,556,31.4774789836848,"aHet",697,66
0.42716519055291,0.360024886929266,508,17.5736075740958,"aHet",698,66
0.513498050391058,0.458546331947738,647,16.6967714908548,"aHet",699,66
0.42716519055291,0.360024886929266,863,22.0642625793004,"aHet",700,66
0.84119491497986,0.835311350505799,1,43.4504383644102,"fgCRN",1,1
0.84119491497986,0.835311350505799,2,41.6864771387272,"fgCRN",2,1
0.84119491497986,0.835311350505799,3,59.8189512670781,"fgCRN",3,1
0.84119491497986,0.835311350505799,4,20.5346844954271,"fgCRN",4,1
0.84119491497986,0.835311350505799,5,42.0037716364039,"fgCRN",5,1
0.84119491497986,0.835311350505799,6,32.277264168114,"fgCRN",6,1
0.84119491497986,0.835311350505799,7,38.8557882075209,"fgCRN",7,1
0.84119491497986,0.835311350505799,8,55.7100876088536,"fgCRN",8,1
0.84119491497986,0.835311350505799,9,34.1202010370965,"fgCRN",9,1
0.84119491497986,0.835311350505799,10,35.2962006762515,"fgCRN",10,1
0.137404569331557,0.676820743642747,1,112.308979742018,"fgCRN",11,1
0.137404569331557,0.676820743642747,2,112.669849780254,"fgCRN",12,1
0.137404569331557,0.676820743642747,3,111.578902509159,"fgCRN",13,1
0.137404569331557,0.676820743642747,4,112.590337766683,"fgCRN",14,1
0.137404569331557,0.676820743642747,5,111.586799673555,"fgCRN",15,1
0.137404569331557,0.676820743642747,6,110.696802926814,"fgCRN",16,1
0.137404569331557,0.676820743642747,7,112.701963928174,"fgCRN",17,1
0.137404569331557,0.676820743642747,8,111.245246866979,"fgCRN",18,1
0.137404569331557,0.676820743642747,9,110.438684211181,"fgCRN",19,1
0.137404569331557,0.676820743642747,10,109.033467475372,"fgCRN",20,1
0.353968283999711,0.499539848417044,1,86.1557420093874,"fgCRN",21,1
0.353968283999711,0.499539848417044,2,93.754366234959,"fgCRN",22,1
0.353968283999711,0.499539848417044,3,56.562853849886,"fgCRN",23,1
0.353968283999711,0.499539848417044,4,100.446872810585,"fgCRN",24,1
0.353968283999711,0.499539848417044,5,64.819704252688,"fgCRN",25,1
0.353968283999711,0.499539848417044,6,77.5991221752942,"fgCRN",26,1
0.353968283999711,0.499539848417044,7,107.307322145968,"fgCRN",27,1
0.353968283999711,0.499539848417044,8,69.9861372411751,"fgCRN",28,1
0.353968283999711,0.499539848417044,9,76.7347882174199,"fgCRN",29,1
0.353968283999711,0.499539848417044,10,74.1796721641194,"fgCRN",30,1
0.543523701652884,0.198381218966097,1,66.4506069823055,"fgCRN",31,1
0.543523701652884,0.198381218966097,2,85.6807914284292,"fgCRN",32,1
0.543523701652884,0.198381218966097,3,91.9190883977925,"fgCRN",33,1
0.543523701652884,0.198381218966097,4,56.7928317886532,"fgCRN",34,1
0.543523701652884,0.198381218966097,5,71.3859264494725,"fgCRN",35,1
0.543523701652884,0.198381218966097,6,77.3267466183225,"fgCRN",36,1
0.543523701652884,0.198381218966097,7,51.8875402354281,"fgCRN",37,1
0.543523701652884,0.198381218966097,8,98.7835918551354,"fgCRN",38,1
0.543523701652884,0.198381218966097,9,65.1499413007038,"fgCRN",39,1
0.543523701652884,0.198381218966097,10,90.5452679302152,"fgCRN",40,1
0.676007035886869,0.355489044263959,1,84.5967721688371,"fgCRN",41,1
0.676007035886869,0.355489044263959,2,80.9753660133136,"fgCRN",42,1
0.676007035886869,0.355489044263959,3,87.0393105680325,"fgCRN",43,1
0.676007035886869,0.355489044263959,4,42.1677461086218,"fgCRN",44,1
0.676007035886869,0.355489044263959,5,68.9064511486478,"fgCRN",45,1
0.676007035886869,0.355489044263959,6,84.0819378774521,"fgCRN",46,1
0.676007035886869,0.355489044263959,7,72.3881178368411,"fgCRN",47,1
0.676007035886869,0.355489044263959,8,77.0109288888066,"fgCRN",48,1
0.676007035886869,0.355489044263959,9,68.7343861657625,"fgCRN",49,1
0.676007035886869,0.355489044263959,10,78.1236009775725,"fgCRN",50,1
0.869103703042492,0.351426040821243,4,101.047533173235,"fgCRN",51,2
0.854849896805827,0.81108806316508,4,27.7690261241043,"fgCRN",52,2
0.820644575387705,0.837547056216281,4,24.1933220472751,"fgCRN",53,2
0.810479591316544,0.491386282467283,4,65.6546620847701,"fgCRN",54,2
0.923214921203908,0.991548316113185,4,39.2935134344055,"fgCRN",55,2
0.890771516691893,0.753636968098581,4,21.8951145145204,"fgCRN",56,2
0.807845462299883,0.964183216358069,4,45.1116327119801,"fgCRN",57,2
0.973900789336767,0.766896278487984,4,39.9621107679475,"fgCRN",58,3
0.973900789336767,0.766896278487984,7,81.6416342048808,"fgCRN",59,3
0.973900789336767,0.766896278487984,9,68.5277280007917,"fgCRN",60,3
0.761411443257239,0.631933098623995,4,14.9692754641229,"fgCRN",61,3
0.890771516691893,0.753636968098581,2,64.2144458008083,"fgCRN",62,3
0.649284832263365,0.66230466414243,4,42.5918925023377,"fgCRN",63,3
0.741771945357323,0.79493318728637,4,47.5260220539993,"fgCRN",64,3
0.553703570659272,0.687810175402556,7,100.26677287404,"fgCRN",65,3
0.597058590063825,0.904758250387385,3,79.5288726448352,"fgCRN",66,3
0.94428750370862,0.651326899752021,4,68.8184582653506,"fgCRN",67,4
0.761411443257239,0.631933098623995,1,44.5670037335042,"fgCRN",68,4
0.761411443257239,0.631933098623995,2,39.1592331967118,"fgCRN",69,4
0.761411443257239,0.631933098623995,5,39.9114118026312,"fgCRN",70,4
0.761411443257239,0.631933098623995,7,19.144836183035,"fgCRN",71,4
0.761411443257239,0.631933098623995,10,46.0998700627451,"fgCRN",72,4
0.761411443257239,0.631933098623995,11,30.3073366277102,"fgCRN",73,4
0.269239684713539,0.37510959698353,3,72.5505627711863,"fgCRN",74,5
0.854849896805827,0.81108806316508,12,24.7844170141779,"fgCRN",75,5
0.923214921203908,0.991548316113185,10,43.0128923799724,"fgCRN",76,5
0.603752165308688,0.0299109921953641,12,148.389105842286,"fgCRN",77,5
0.761411443257239,0.631933098623995,8,62.5356927785015,"fgCRN",78,5
0.761411443257239,0.631933098623995,9,30.4567539535345,"fgCRN",79,5
0.761411443257239,0.631933098623995,12,46.3323123566786,"fgCRN",80,5
0.22429713366786,0.945642638429999,9,111.885151511328,"fgCRN",81,5
0.0330644325888716,0.265783539440017,12,99.5624089068095,"fgCRN",82,6
0.854849896805827,0.81108806316508,11,26.081555259464,"fgCRN",83,6
0.820644575387705,0.837547056216281,11,29.9228380609822,"fgCRN",84,6
0.432986525420565,0.601922095350455,13,102.98591656096,"fgCRN",85,6
0.761411443257239,0.631933098623995,6,44.671740020237,"fgCRN",86,6
0.114425924671814,0.091567141325213,1,64.6747383618845,"fgCRN",87,6
0.284369311104529,0.0456217678776011,8,38.4927664543214,"fgCRN",88,6
0.757968360839877,0.528316717150155,4,33.7335218299173,"fgCRN",89,6
0.889937492262106,0.973574057451915,9,40.3154639519796,"fgCRN",90,6
0.00747635063482448,0.987929090238176,7,112.71461377486,"fgCRN",91,6
0.84119491497986,0.835311350505799,11,25.2829532051198,"fgCRN",92,7
0.84119491497986,0.835311350505799,12,30.1829405623458,"fgCRN",93,7
0.820644575387705,0.837547056216281,12,28.6413465583109,"fgCRN",94,7
0.233993511069566,0.108121315238532,2,39.9013635341098,"fgCRN",95,7
0.233993511069566,0.108121315238532,9,38.3724581510548,"fgCRN",96,7
0.389810180847999,0.202828839558642,3,33.9844169298137,"fgCRN",97,7
0.741771945357323,0.79493318728637,2,37.7496967399792,"fgCRN",98,7
0.889937492262106,0.973574057451915,7,44.586549496901,"fgCRN",99,7
0.836950122462586,0.00822793305618688,5,202.766631699333,"fgCRN",100,7
0.854849896805827,0.81108806316508,14,25.3849569549361,"fgCRN",101,8
0.333728667080868,0.22934691370232,7,54.3976921467362,"fgCRN",102,8
0.820644575387705,0.837547056216281,13,38.4134619554908,"fgCRN",103,8
0.321763507137075,0.0181343520851806,3,65.2110055705688,"fgCRN",104,8
0.321763507137075,0.0181343520851806,12,52.4550727143271,"fgCRN",105,8
0.372678781289142,0.167621515295468,5,31.7343553098325,"fgCRN",106,8
0.372678781289142,0.167621515295468,6,34.1584832830443,"fgCRN",107,8
0.233993511069566,0.108121315238532,11,39.5509447134044,"fgCRN",108,8
0.284369311104529,0.0456217678776011,7,42.5559619911253,"fgCRN",109,8
0.84119491497986,0.835311350505799,15,37.6865656132629,"fgCRN",110,9
0.820644575387705,0.837547056216281,14,24.2546310776493,"fgCRN",111,9
0.923214921203908,0.991548316113185,12,34.0902994244915,"fgCRN",112,9
0.372678781289142,0.167621515295468,4,25.2184515192686,"fgCRN",113,9
0.372678781289142,0.167621515295468,10,36.4566744082739,"fgCRN",114,9
0.372678781289142,0.167621515295468,13,37.6886673094759,"fgCRN",115,9
0.233993511069566,0.108121315238532,5,25.0555817776762,"fgCRN",116,9
0.890771516691893,0.753636968098581,14,26.8836878658291,"fgCRN",117,9
0.389810180847999,0.202828839558642,8,36.4604763632301,"fgCRN",118,9
0.284369311104529,0.0456217678776011,10,36.4053091547574,"fgCRN",119,9
0.84119491497986,0.835311350505799,14,21.4210500708675,"fgCRN",120,10
0.854849896805827,0.81108806316508,16,22.1240874958664,"fgCRN",121,10
0.452779660294764,0.237875405077357,4,30.202780017609,"fgCRN",122,10
0.372678781289142,0.167621515295468,15,39.3048506819287,"fgCRN",123,10
0.233993511069566,0.108121315238532,15,17.7560476379957,"fgCRN",124,10
0.389810180847999,0.202828839558642,1,19.2479907656579,"fgCRN",125,10
0.389810180847999,0.202828839558642,9,21.9098061141671,"fgCRN",126,10
0.284369311104529,0.0456217678776011,6,49.6925199064554,"fgCRN",127,10
0.333728667080868,0.22934691370232,5,14.8394043274007,"fgCRN",128,11
0.428413517167792,0.197199139883742,2,37.1083508522044,"fgCRN",129,11
0.428413517167792,0.197199139883742,9,29.1377744687219,"fgCRN",130,11
0.372678781289142,0.167621515295468,1,29.0530412852216,"fgCRN",131,11
0.233993511069566,0.108121315238532,1,30.8647641067664,"fgCRN",132,11
0.233993511069566,0.108121315238532,14,65.8131919726111,"fgCRN",133,11
0.443691894623917,0.137254052725621,1,75.2332347035563,"fgCRN",134,11
0.443691894623917,0.137254052725621,4,37.0549498303627,"fgCRN",135,11
0.389810180847999,0.202828839558642,14,28.2480175419357,"fgCRN",136,11
0.353744868645445,0.286314202283975,5,26.3634159958511,"fgCRN",137,12
0.353744868645445,0.286314202283975,16,52.3120870874557,"fgCRN",138,12
0.333728667080868,0.22934691370232,10,17.221043999585,"fgCRN",139,12
0.333728667080868,0.22934691370232,11,34.6574467302683,"fgCRN",140,12
0.333728667080868,0.22934691370232,16,45.1821396413921,"fgCRN",141,12
0.389810180847999,0.202828839558642,5,20.4031156619001,"fgCRN",142,12
0.58333520805696,0.438648075503297,4,16.9874735445193,"fgCRN",143,12
0.353744868645445,0.286314202283975,1,26.4532092047018,"fgCRN",144,13
0.353744868645445,0.286314202283975,4,60.4482431424595,"fgCRN",145,13
0.333728667080868,0.22934691370232,1,29.4470493067011,"fgCRN",146,13
0.625069394970778,0.456814425147604,4,14.3675238845898,"fgCRN",147,13
0.464056896127295,0.369960773715284,17,20.9296322220553,"fgCRN",148,13
0.233993511069566,0.108121315238532,4,48.4106812532724,"fgCRN",149,13
0.389810180847999,0.202828839558642,4,27.2189508822201,"fgCRN",150,13
0.389810180847999,0.202828839558642,12,24.5935272817548,"fgCRN",151,13
0.58333520805696,0.438648075503297,13,21.4279820758182,"fgCRN",152,13
0.633817163517233,0.401693109145854,4,24.0823669110743,"fgCRN",153,14
0.528803190689068,0.473730633719824,4,30.1809723022455,"fgCRN",154,14
0.579815634603146,0.533270137268119,12,25.1025618983678,"fgCRN",155,14
0.625069394970778,0.456814425147604,11,38.9349546432163,"fgCRN",156,14
0.625069394970778,0.456814425147604,14,17.3556279570109,"fgCRN",157,14
0.625069394970778,0.456814425147604,16,22.4728659269417,"fgCRN",158,14
0.464056896127295,0.369960773715284,5,22.6302609987443,"fgCRN",159,14
0.464056896127295,0.369960773715284,10,13.3212403906151,"fgCRN",160,14
0.661091009634547,0.483332779845223,4,14.0031820994691,"fgCRN",161,14
0.58333520805696,0.438648075503297,16,12.9507826897538,"fgCRN",162,14
0.528803190689068,0.473730633719824,10,17.9087345247292,"fgCRN",163,15
0.464056896127295,0.369960773715284,9,22.2136342041201,"fgCRN",164,15
0.464056896127295,0.369960773715284,11,20.9142520926295,"fgCRN",165,15
0.464056896127295,0.369960773715284,13,44.7190348644503,"fgCRN",166,15
0.58333520805696,0.438648075503297,2,31.2516138197155,"fgCRN",167,15
0.58333520805696,0.438648075503297,9,18.7693134853908,"fgCRN",168,15
0.58333520805696,0.438648075503297,12,29.5887655961676,"fgCRN",169,15
0.58333520805696,0.438648075503297,14,12.3079303099608,"fgCRN",170,15
0.58333520805696,0.438648075503297,17,34.4537284766191,"fgCRN",171,15
0.58333520805696,0.438648075503297,18,10.5563082355697,"fgCRN",172,15
0.528803190689068,0.473730633719824,18,50.5123257186298,"fgCRN",173,16
0.579815634603146,0.533270137268119,14,31.061102350173,"fgCRN",174,16
0.579815634603146,0.533270137268119,18,49.7107474882604,"fgCRN",175,16
0.625069394970778,0.456814425147604,18,13.8127506025382,"fgCRN",176,16
0.464056896127295,0.369960773715284,16,38.4153950162878,"fgCRN",177,16
0.464056896127295,0.369960773715284,19,19.1249150648473,"fgCRN",178,16
0.661091009634547,0.483332779845223,18,17.4517723007047,"fgCRN",179,16
0.58333520805696,0.438648075503297,7,29.1187395005177,"fgCRN",180,16
0.58333520805696,0.438648075503297,10,36.1393069240473,"fgCRN",181,16
0.41620410033036,0.381695767666679,10,31.3842364417187,"fgCRN",182,17
0.464056896127295,0.369960773715284,1,17.4284960695846,"fgCRN",183,17
0.464056896127295,0.369960773715284,3,19.2742068450287,"fgCRN",184,17
0.464056896127295,0.369960773715284,12,14.677051528974,"fgCRN",185,17
0.464056896127295,0.369960773715284,14,24.1566668738766,"fgCRN",186,17
0.661091009634547,0.483332779845223,13,16.2303956382541,"fgCRN",187,17
0.661091009634547,0.483332779845223,14,24.770231255191,"fgCRN",188,17
0.58333520805696,0.438648075503297,15,30.9462965042141,"fgCRN",189,17
0.58333520805696,0.438648075503297,19,24.3202641335318,"fgCRN",190,17
0.854849896805827,0.81108806316508,18,21.5033960016543,"fgCRN",191,18
0.452779660294764,0.237875405077357,12,28.3400496795892,"fgCRN",192,18
0.625069394970778,0.456814425147604,8,42.6191980169027,"fgCRN",193,18
0.625069394970778,0.456814425147604,12,30.0677452917689,"fgCRN",194,18
0.625069394970778,0.456814425147604,20,48.65284174538,"fgCRN",195,18
0.661091009634547,0.483332779845223,15,48.9395464621485,"fgCRN",196,18
0.661091009634547,0.483332779845223,19,45.5284700397281,"fgCRN",197,18
0.661091009634547,0.483332779845223,20,49.6301170142836,"fgCRN",198,18
0.149252299352083,0.445070356025826,13,110.690675951384,"fgCRN",199,18
0.854849896805827,0.81108806316508,20,39.7457264655866,"fgCRN",200,19
0.41620410033036,0.381695767666679,14,61.3399067362826,"fgCRN",201,19
0.464056896127295,0.369960773715284,6,14.6250158669627,"fgCRN",202,19
0.464056896127295,0.369960773715284,7,52.940654239319,"fgCRN",203,19
0.464056896127295,0.369960773715284,18,45.7733330641541,"fgCRN",204,19
0.464056896127295,0.369960773715284,20,12.5658660703912,"fgCRN",205,19
0.464056896127295,0.369960773715284,21,15.0675048687663,"fgCRN",206,19
0.58333520805696,0.438648075503297,21,31.2820133053428,"fgCRN",207,19
0.400111495086458,0.9394030871219,20,108.50874856366,"fgCRN",208,19
0.333728667080868,0.22934691370232,20,26.034820552255,"fgCRN",209,20
0.820644575387705,0.837547056216281,22,34.5190433881885,"fgCRN",210,20
0.633817163517233,0.401693109145854,18,29.1420216481728,"fgCRN",211,20
0.528803190689068,0.473730633719824,14,36.004812659608,"fgCRN",212,20
0.528803190689068,0.473730633719824,16,25.2608177003653,"fgCRN",213,20
0.464056896127295,0.369960773715284,4,34.8321292447472,"fgCRN",214,20
0.464056896127295,0.369960773715284,15,11.8137359220377,"fgCRN",215,20
0.389810180847999,0.202828839558642,20,35.9150537951555,"fgCRN",216,20
0.58333520805696,0.438648075503297,1,41.6073108579692,"fgCRN",217,20
0.820644575387705,0.837547056216281,18,32.4359231240748,"fgCRN",218,21
0.625069394970778,0.456814425147604,5,27.5930469072149,"fgCRN",219,21
0.196737122328486,0.330948578554671,21,83.4692686674634,"fgCRN",220,21
0.464056896127295,0.369960773715284,8,20.3357949059152,"fgCRN",221,21
0.464056896127295,0.369960773715284,22,29.4495709259536,"fgCRN",222,21
0.464056896127295,0.369960773715284,23,15.3245418906542,"fgCRN",223,21
0.233993511069566,0.108121315238532,10,20.6059205180463,"fgCRN",224,21
0.965870351414196,0.248367322697304,8,184.831419042723,"fgCRN",225,21
0.58333520805696,0.438648075503297,6,36.222360579352,"fgCRN",226,21
0.58333520805696,0.438648075503297,23,27.7474465866538,"fgCRN",227,21
0.333728667080868,0.22934691370232,18,42.956459650937,"fgCRN",228,22
0.333728667080868,0.22934691370232,24,18.6048008283181,"fgCRN",229,22
0.452779660294764,0.237875405077357,9,32.9914480367921,"fgCRN",230,22
0.452779660294764,0.237875405077357,23,25.9678018452326,"fgCRN",231,22
0.452779660294764,0.237875405077357,24,41.8293326423806,"fgCRN",232,22
0.625069394970778,0.456814425147604,13,18.7008762435675,"fgCRN",233,22
0.761411443257239,0.631933098623995,13,14.0328468985879,"fgCRN",234,22
0.464056896127295,0.369960773715284,2,12.8575593206163,"fgCRN",235,22
0.333728667080868,0.22934691370232,23,16.1189882492115,"fgCRN",236,23
0.528803190689068,0.473730633719824,9,27.6296225020169,"fgCRN",237,23
0.810479591316544,0.491386282467283,13,52.621476622955,"fgCRN",238,23
0.625069394970778,0.456814425147604,25,48.3242964124919,"fgCRN",239,23
0.761411443257239,0.631933098623995,24,50.475952513828,"fgCRN",240,23
0.464056896127295,0.369960773715284,25,26.5117198070724,"fgCRN",241,23
0.233993511069566,0.108121315238532,24,23.5672620722934,"fgCRN",242,23
0.890771516691893,0.753636968098581,16,26.3934435302811,"fgCRN",243,23
0.890771516691893,0.753636968098581,22,43.4144201986865,"fgCRN",244,23
0.58333520805696,0.438648075503297,24,31.0174016951903,"fgCRN",245,23
0.333728667080868,0.22934691370232,17,22.7448177102668,"fgCRN",246,24
0.333728667080868,0.22934691370232,22,32.8526563568758,"fgCRN",247,24
0.464056896127295,0.369960773715284,24,12.5113809575661,"fgCRN",248,24
0.464056896127295,0.369960773715284,26,42.224881220193,"fgCRN",249,24
0.233993511069566,0.108121315238532,25,17.6640822569472,"fgCRN",250,24
0.389810180847999,0.202828839558642,23,19.577467346998,"fgCRN",251,24
0.661091009634547,0.483332779845223,26,18.9138222807376,"fgCRN",252,24
0.333728667080868,0.22934691370232,19,18.5226647356932,"fgCRN",253,25
0.333728667080868,0.22934691370232,21,19.4785995796453,"fgCRN",254,25
0.333728667080868,0.22934691370232,25,24.6620725362281,"fgCRN",255,25
0.452779660294764,0.237875405077357,21,26.4550805541906,"fgCRN",256,25
0.464056896127295,0.369960773715284,27,53.1857384293687,"fgCRN",257,25
0.0248614910431206,0.560638024667278,23,110.66781978802,"fgCRN",258,25
0.389810180847999,0.202828839558642,17,21.1660104885167,"fgCRN",259,25
0.889937492262106,0.973574057451915,19,39.8576675605377,"fgCRN",260,25
0.464056896127295,0.369960773715284,28,30.064616879628,"fgCRN",261,26
0.372678781289142,0.167621515295468,21,28.5525397250836,"fgCRN",262,26
0.233993511069566,0.108121315238532,19,24.1166718555057,"fgCRN",263,26
0.389810180847999,0.202828839558642,19,31.9076638113948,"fgCRN",264,26
0.389810180847999,0.202828839558642,25,29.4682242020751,"fgCRN",265,26
0.649284832263365,0.66230466414243,9,45.5873658022931,"fgCRN",266,26
0.757968360839877,0.528316717150155,13,27.9415939643272,"fgCRN",267,26
0.333728667080868,0.22934691370232,9,37.6964163015558,"fgCRN",268,27
0.333728667080868,0.22934691370232,15,21.7267002775501,"fgCRN",269,27
0.333728667080868,0.22934691370232,26,32.7303716404622,"fgCRN",270,27
0.685239860778674,0.883171446716879,1,55.5230752137174,"fgCRN",271,27
0.633817163517233,0.401693109145854,14,32.8330610968594,"fgCRN",272,27
0.661091009634547,0.483332779845223,23,42.6948648568949,"fgCRN",273,27
0.661091009634547,0.483332779845223,29,37.6764495605033,"fgCRN",274,27
0.58333520805696,0.438648075503297,28,44.8579716857815,"fgCRN",275,27
0.256561623155139,0.779785540627781,15,109.002407094868,"fgCRN",276,27
0.256561623155139,0.779785540627781,26,110.152909023487,"fgCRN",277,27
0.333728667080868,0.22934691370232,12,20.4036009246669,"fgCRN",278,28
0.923214921203908,0.991548316113185,2,41.0483897008117,"fgCRN",279,28
0.625069394970778,0.456814425147604,26,24.681937116077,"fgCRN",280,28
0.761411443257239,0.631933098623995,19,27.6468178033832,"fgCRN",281,28
0.761411443257239,0.631933098623995,30,47.8781456583603,"fgCRN",282,28
0.464056896127295,0.369960773715284,29,22.7071323902015,"fgCRN",283,28
0.464056896127295,0.369960773715284,30,14.3709690861559,"fgCRN",284,28
0.372678781289142,0.167621515295468,2,20.6534344949125,"fgCRN",285,28
0.233993511069566,0.108121315238532,27,73.4444627518705,"fgCRN",286,28
0.58333520805696,0.438648075503297,30,21.5158242479647,"fgCRN",287,28
0.353744868645445,0.286314202283975,23,14.4623101834245,"fgCRN",288,29
0.333728667080868,0.22934691370232,2,31.6659544821773,"fgCRN",289,29
0.333728667080868,0.22934691370232,6,15.1255472039137,"fgCRN",290,29
0.333728667080868,0.22934691370232,30,16.932597889489,"fgCRN",291,29
0.923214921203908,0.991548316113185,30,31.9812754623392,"fgCRN",292,29
0.0522638079617172,0.711314165338408,22,112.671651226469,"fgCRN",293,29
0.761411443257239,0.631933098623995,21,44.0457682754007,"fgCRN",294,29
0.807845462299883,0.964183216358069,26,50.6423100219217,"fgCRN",295,29
0.58333520805696,0.438648075503297,3,48.2990888133308,"fgCRN",296,29
0.58333520805696,0.438648075503297,22,12.4048856552091,"fgCRN",297,29
0.353744868645445,0.286314202283975,6,16.5008250618802,"fgCRN",298,30
0.353744868645445,0.286314202283975,29,37.6405616481492,"fgCRN",299,30
0.333728667080868,0.22934691370232,28,18.3656480882916,"fgCRN",300,30
0.333728667080868,0.22934691370232,29,25.9032854676738,"fgCRN",301,30
0.333728667080868,0.22934691370232,31,51.8320784498909,"fgCRN",302,30
0.41620410033036,0.381695767666679,15,30.2373449512845,"fgCRN",303,30
0.41620410033036,0.381695767666679,23,26.2563523666933,"fgCRN",304,30
0.528803190689068,0.473730633719824,30,22.0393437576378,"fgCRN",305,30
0.625069394970778,0.456814425147604,22,25.7116531734327,"fgCRN",306,30
0.464056896127295,0.369960773715284,31,16.2599550618648,"fgCRN",307,30
0.353744868645445,0.286314202283975,21,46.950047185206,"fgCRN",308,31
0.353744868645445,0.286314202283975,30,19.3687509884217,"fgCRN",309,31
0.854849896805827,0.81108806316508,24,36.4611552420402,"fgCRN",310,31
0.854849896805827,0.81108806316508,26,20.9504365605877,"fgCRN",311,31
0.854849896805827,0.81108806316508,31,29.0675212579127,"fgCRN",312,31
0.528803190689068,0.473730633719824,17,20.2428327372362,"fgCRN",313,31
0.372678781289142,0.167621515295468,23,21.5741869963727,"fgCRN",314,31
0.389810180847999,0.202828839558642,30,30.2625475163314,"fgCRN",315,31
0.58333520805696,0.438648075503297,31,12.9481066317255,"fgCRN",316,31
0.741771945357323,0.79493318728637,18,52.9538375464054,"fgCRN",317,31
0.333728667080868,0.22934691370232,3,12.3637124739543,"fgCRN",318,32
0.333728667080868,0.22934691370232,8,27.4260481807329,"fgCRN",319,32
0.820644575387705,0.837547056216281,17,34.1040922604735,"fgCRN",320,32
0.528803190689068,0.473730633719824,31,30.4059986265087,"fgCRN",321,32
0.625069394970778,0.456814425147604,31,18.5186552983581,"fgCRN",322,32
0.464056896127295,0.369960773715284,32,20.3306820757044,"fgCRN",323,32
0.890771516691893,0.753636968098581,17,84.5391701350842,"fgCRN",324,32
0.58333520805696,0.438648075503297,32,33.8398967767543,"fgCRN",325,32
0.333728667080868,0.22934691370232,33,30.2640197443946,"fgCRN",326,33
0.820644575387705,0.837547056216281,16,33.9104820384377,"fgCRN",327,33
0.41620410033036,0.381695767666679,12,34.7108280534823,"fgCRN",328,33
0.528803190689068,0.473730633719824,12,22.8208693788804,"fgCRN",329,33
0.761411443257239,0.631933098623995,31,34.9748141347796,"fgCRN",330,33
0.464056896127295,0.369960773715284,33,12.3845160431792,"fgCRN",331,33
0.372678781289142,0.167621515295468,28,46.1105000821047,"fgCRN",332,33
0.58333520805696,0.438648075503297,33,15.4384757878965,"fgCRN",333,33
0.333728667080868,0.22934691370232,34,13.7286287561705,"fgCRN",334,34
0.452779660294764,0.237875405077357,20,53.0485486592375,"fgCRN",335,34
0.41620410033036,0.381695767666679,3,33.4622589237073,"fgCRN",336,34
0.528803190689068,0.473730633719824,33,34.5320915459034,"fgCRN",337,34
0.761411443257239,0.631933098623995,28,49.3942514793768,"fgCRN",338,34
0.233993511069566,0.108121315238532,20,29.1713951848331,"fgCRN",339,34
0.661091009634547,0.483332779845223,27,14.4287254742711,"fgCRN",340,34
0.661091009634547,0.483332779845223,33,33.8568623577683,"fgCRN",341,34
0.58333520805696,0.438648075503297,27,23.7484757197152,"fgCRN",342,34
0.58333520805696,0.438648075503297,29,13.7008346930809,"fgCRN",343,34
0.854849896805827,0.81108806316508,34,45.6944219573878,"fgCRN",344,35
0.333728667080868,0.22934691370232,32,21.1034697536581,"fgCRN",345,35
0.923214921203908,0.991548316113185,32,40.2527903220742,"fgCRN",346,35
0.464056896127295,0.369960773715284,34,14.1697628144518,"fgCRN",347,35
0.464056896127295,0.369960773715284,35,13.7383614109335,"fgCRN",348,35
0.233993511069566,0.108121315238532,22,41.2206090913439,"fgCRN",349,35
0.58333520805696,0.438648075503297,35,12.7026153072336,"fgCRN",350,35
0.353744868645445,0.286314202283975,34,14.8367352497538,"fgCRN",351,36
0.452779660294764,0.237875405077357,15,44.5640044772629,"fgCRN",352,36
0.452779660294764,0.237875405077357,35,25.9071074769412,"fgCRN",353,36
0.528803190689068,0.473730633719824,35,27.9552329538666,"fgCRN",354,36
0.579815634603146,0.533270137268119,16,42.1314538787898,"fgCRN",355,36
0.761411443257239,0.631933098623995,27,17.1351644691885,"fgCRN",356,36
0.464056896127295,0.369960773715284,36,41.7493700669854,"fgCRN",357,36
0.58333520805696,0.438648075503297,5,37.8159953584524,"fgCRN",358,36
0.58333520805696,0.438648075503297,34,41.9126862337256,"fgCRN",359,36
0.58333520805696,0.438648075503297,36,18.769577238259,"fgCRN",360,36
0.854849896805827,0.81108806316508,33,34.8981545087819,"fgCRN",361,37
0.333728667080868,0.22934691370232,36,52.6702801952067,"fgCRN",362,37
0.333728667080868,0.22934691370232,37,37.1338227506839,"fgCRN",363,37
0.452779660294764,0.237875405077357,6,47.7045361813447,"fgCRN",364,37
0.452779660294764,0.237875405077357,30,46.3155342500903,"fgCRN",365,37
0.761411443257239,0.631933098623995,35,22.7134539447221,"fgCRN",366,37
0.464056896127295,0.369960773715284,37,17.2106920486098,"fgCRN",367,37
0.389810180847999,0.202828839558642,34,19.8638933098661,"fgCRN",368,37
0.353744868645445,0.286314202283975,24,24.068178737137,"fgCRN",369,38
0.333728667080868,0.22934691370232,35,36.8964298361436,"fgCRN",370,38
0.625069394970778,0.456814425147604,35,18.1887790455631,"fgCRN",371,38
0.761411443257239,0.631933098623995,18,17.1426744450425,"fgCRN",372,38
0.428413517167792,0.197199139883742,32,39.1856459878506,"fgCRN",373,38
0.464056896127295,0.369960773715284,38,17.1366089509166,"fgCRN",374,38
0.372678781289142,0.167621515295468,24,27.183461774752,"fgCRN",375,38
0.661091009634547,0.483332779845223,36,18.6775663604366,"fgCRN",376,38
0.854849896805827,0.81108806316508,37,36.9231205572222,"fgCRN",377,39
0.41620410033036,0.381695767666679,34,32.9755384886109,"fgCRN",378,39
0.528803190689068,0.473730633719824,37,17.9581471623592,"fgCRN",379,39
0.579815634603146,0.533270137268119,36,38.0653424656827,"fgCRN",380,39
0.625069394970778,0.456814425147604,36,20.8796646534278,"fgCRN",381,39
0.761411443257239,0.631933098623995,14,15.8292247578851,"fgCRN",382,39
0.464056896127295,0.369960773715284,39,13.7095038221485,"fgCRN",383,39
0.58333520805696,0.438648075503297,37,17.7250731400968,"fgCRN",384,39
0.58333520805696,0.438648075503297,39,31.2644422073168,"fgCRN",385,39
0.353744868645445,0.286314202283975,39,31.4801524773944,"fgCRN",386,40
0.854849896805827,0.81108806316508,35,42.4071495933606,"fgCRN",387,40
0.528803190689068,0.473730633719824,15,25.3746189553403,"fgCRN",388,40
0.923214921203908,0.991548316113185,18,37.3540725045244,"fgCRN",389,40
0.923214921203908,0.991548316113185,31,29.6282244349593,"fgCRN",390,40
0.625069394970778,0.456814425147604,27,19.6876601046452,"fgCRN",391,40
0.372678781289142,0.167621515295468,33,25.6304660917278,"fgCRN",392,40
0.233993511069566,0.108121315238532,28,14.9772104105928,"fgCRN",393,40
0.649284832263365,0.66230466414243,26,41.8088531057694,"fgCRN",394,40
0.58333520805696,0.438648075503297,38,18.2056459526833,"fgCRN",395,40
0.360622140523046,0.741090292686131,16,106.866623636778,"fgCRN",396,41
0.923214921203908,0.991548316113185,13,31.5426789296567,"fgCRN",397,41
0.761411443257239,0.631933098623995,32,52.5614209311072,"fgCRN",398,41
0.761411443257239,0.631933098623995,33,29.3173148582037,"fgCRN",399,41
0.464056896127295,0.369960773715284,40,13.2197721704129,"fgCRN",400,41
0.233993511069566,0.108121315238532,21,27.2376777480921,"fgCRN",401,41
0.233993511069566,0.108121315238532,32,22.8291111704263,"fgCRN",402,41
0.58333520805696,0.438648075503297,26,13.7933834044651,"fgCRN",403,41
0.353744868645445,0.286314202283975,17,44.2347473293013,"fgCRN",404,42
0.633817163517233,0.401693109145854,35,25.2127580466087,"fgCRN",405,42
0.528803190689068,0.473730633719824,40,16.7840093629928,"fgCRN",406,42
0.923214921203908,0.991548316113185,40,37.4764612592338,"fgCRN",407,42
0.761411443257239,0.631933098623995,37,25.4338590882078,"fgCRN",408,42
0.464056896127295,0.369960773715284,41,25.6582644513121,"fgCRN",409,42
0.372678781289142,0.167621515295468,34,26.8012486778708,"fgCRN",410,42
0.233993511069566,0.108121315238532,23,20.318259845969,"fgCRN",411,42
0.58333520805696,0.438648075503297,40,30.7150751518559,"fgCRN",412,42
0.854849896805827,0.81108806316508,27,25.860823231634,"fgCRN",413,43
0.41620410033036,0.381695767666679,38,49.0774292257239,"fgCRN",414,43
0.923214921203908,0.991548316113185,36,31.9845259616287,"fgCRN",415,43
0.625069394970778,0.456814425147604,42,47.7860330064659,"fgCRN",416,43
0.233993511069566,0.108121315238532,38,48.5694358522919,"fgCRN",417,43
0.233993511069566,0.108121315238532,42,33.5472180900914,"fgCRN",418,43
0.389810180847999,0.202828839558642,38,17.6923656411515,"fgCRN",419,43
0.661091009634547,0.483332779845223,31,29.4971050769528,"fgCRN",420,43
0.58333520805696,0.438648075503297,11,15.4714684704996,"fgCRN",421,43
0.58333520805696,0.438648075503297,42,25.219433022576,"fgCRN",422,43
0.854849896805827,0.81108806316508,29,26.8905003653891,"fgCRN",423,44
0.333728667080868,0.22934691370232,40,18.1953100256823,"fgCRN",424,44
0.333728667080868,0.22934691370232,41,35.3344697494564,"fgCRN",425,44
0.761411443257239,0.631933098623995,20,39.6407131446176,"fgCRN",426,44
0.464056896127295,0.369960773715284,42,12.4638089945837,"fgCRN",427,44
0.464056896127295,0.369960773715284,43,19.5179531470261,"fgCRN",428,44
0.233993511069566,0.108121315238532,34,22.77048636953,"fgCRN",429,44
0.58333520805696,0.438648075503297,41,35.1802993925085,"fgCRN",430,44
0.58333520805696,0.438648075503297,43,38.033466242974,"fgCRN",431,44
0.333728667080868,0.22934691370232,42,15.6113058802628,"fgCRN",432,45
0.333728667080868,0.22934691370232,43,13.4764187151535,"fgCRN",433,45
0.528803190689068,0.473730633719824,21,24.2756448048877,"fgCRN",434,45
0.761411443257239,0.631933098623995,22,27.7031649190964,"fgCRN",435,45
0.761411443257239,0.631933098623995,34,47.4783952951443,"fgCRN",436,45
0.761411443257239,0.631933098623995,44,15.2172387914379,"fgCRN",437,45
0.233993511069566,0.108121315238532,12,27.0776295085441,"fgCRN",438,45
0.233993511069566,0.108121315238532,40,23.7974122896412,"fgCRN",439,45
0.661091009634547,0.483332779845223,35,22.7567855183616,"fgCRN",440,45
0.889937492262106,0.973574057451915,11,36.8062898197717,"fgCRN",441,45
0.353744868645445,0.286314202283975,42,33.2930284380117,"fgCRN",442,46
0.854849896805827,0.81108806316508,44,35.2043539161489,"fgCRN",443,46
0.333728667080868,0.22934691370232,45,41.938899450614,"fgCRN",444,46
0.41620410033036,0.381695767666679,42,33.3205255922318,"fgCRN",445,46
0.625069394970778,0.456814425147604,44,13.3909234813424,"fgCRN",446,46
0.464056896127295,0.369960773715284,44,29.0056327749158,"fgCRN",447,46
0.464056896127295,0.369960773715284,45,47.281022086086,"fgCRN",448,46
0.233993511069566,0.108121315238532,29,40.518544831318,"fgCRN",449,46
0.389810180847999,0.202828839558642,40,27.365512732794,"fgCRN",450,46
0.389810180847999,0.202828839558642,42,19.4981593444556,"fgCRN",451,46
0.84119491497986,0.835311350505799,21,35.9573454675023,"fgCRN",452,47
0.333728667080868,0.22934691370232,46,42.1409703986348,"fgCRN",453,47
0.528803190689068,0.473730633719824,1,21.1833111969618,"fgCRN",454,47
0.625069394970778,0.456814425147604,38,17.14585075229,"fgCRN",455,47
0.372678781289142,0.167621515295468,44,31.5439344721009,"fgCRN",456,47
0.58333520805696,0.438648075503297,44,20.8775306760333,"fgCRN",457,47
0.58333520805696,0.438648075503297,45,13.6925216273282,"fgCRN",458,47
0.757968360839877,0.528316717150155,18,26.7511450666366,"fgCRN",459,47
0.84119491497986,0.835311350505799,23,37.0773876273306,"fgCRN",460,48
0.333728667080868,0.22934691370232,47,32.753353694207,"fgCRN",461,48
0.528803190689068,0.473730633719824,38,31.6514119935923,"fgCRN",462,48
0.528803190689068,0.473730633719824,47,21.6179701559459,"fgCRN",463,48
0.923214921203908,0.991548316113185,26,39.2485100934348,"fgCRN",464,48
0.761411443257239,0.631933098623995,16,19.7150492851738,"fgCRN",465,48
0.761411443257239,0.631933098623995,36,16.9510068628199,"fgCRN",466,48
0.233993511069566,0.108121315238532,3,24.505000499999,"fgCRN",467,48
0.661091009634547,0.483332779845223,44,18.0686260552581,"fgCRN",468,48
0.625069394970778,0.456814425147604,46,12.6975479039174,"fgCRN",469,49
0.761411443257239,0.631933098623995,25,66.207818628352,"fgCRN",470,49
0.464056896127295,0.369960773715284,47,17.0197904607176,"fgCRN",471,49
0.233993511069566,0.108121315238532,44,44.0202473666133,"fgCRN",472,49
0.58333520805696,0.438648075503297,46,13.2298791744406,"fgCRN",473,49
0.58333520805696,0.438648075503297,47,24.6552466651383,"fgCRN",474,49
0.58333520805696,0.438648075503297,48,23.5622201377922,"fgCRN",475,49
0.333728667080868,0.22934691370232,49,25.6815995307038,"fgCRN",476,50
0.528803190689068,0.473730633719824,20,17.3903922490051,"fgCRN",477,50
0.528803190689068,0.473730633719824,46,37.6200388986066,"fgCRN",478,50
0.464056896127295,0.369960773715284,46,37.2159871959659,"fgCRN",479,50
0.464056896127295,0.369960773715284,48,51.8884943083162,"fgCRN",480,50
0.464056896127295,0.369960773715284,49,18.931089208333,"fgCRN",481,50
0.372678781289142,0.167621515295468,43,29.7386304091809,"fgCRN",482,50
0.528803190689068,0.473730633719824,24,15.4349481295655,"fgCRN",483,51
0.625069394970778,0.456814425147604,45,10.5064807911051,"fgCRN",484,51
0.761411443257239,0.631933098623995,23,49.7333483750497,"fgCRN",485,51
0.464056896127295,0.369960773715284,50,15.6632255191377,"fgCRN",486,51
0.233993511069566,0.108121315238532,13,54.9951392991658,"fgCRN",487,51
0.661091009634547,0.483332779845223,22,21.5050074758102,"fgCRN",488,51
0.661091009634547,0.483332779845223,46,14.3357891825022,"fgCRN",489,51
0.58333520805696,0.438648075503297,50,17.8899274719182,"fgCRN",490,51
0.528803190689068,0.473730633719824,26,18.5837680690318,"fgCRN",491,52
0.625069394970778,0.456814425147604,50,25.5738108615083,"fgCRN",492,52
0.761411443257239,0.631933098623995,49,28.8366859303482,"fgCRN",493,52
0.464056896127295,0.369960773715284,51,22.1779481949664,"fgCRN",494,52
0.661091009634547,0.483332779845223,45,13.6718978960204,"fgCRN",495,52
0.649284832263365,0.66230466414243,38,33.6075191963741,"fgCRN",496,52
0.58333520805696,0.438648075503297,49,25.6126902333609,"fgCRN",497,52
0.333728667080868,0.22934691370232,52,22.3396375516836,"fgCRN",498,53
0.528803190689068,0.473730633719824,2,33.3053678068938,"fgCRN",499,53
0.528803190689068,0.473730633719824,50,22.5109434333043,"fgCRN",500,53
0.625069394970778,0.456814425147604,52,43.9313145266518,"fgCRN",501,53
0.761411443257239,0.631933098623995,45,23.9132094073216,"fgCRN",502,53
0.233993511069566,0.108121315238532,43,16.2706076489886,"fgCRN",503,53
0.661091009634547,0.483332779845223,37,35.848691926921,"fgCRN",504,53
0.58333520805696,0.438648075503297,51,34.1642798812148,"fgCRN",505,53
0.58333520805696,0.438648075503297,52,36.7956626802563,"fgCRN",506,53
0.333728667080868,0.22934691370232,51,20.976176963403,"fgCRN",507,54
0.820644575387705,0.837547056216281,45,22.429868700039,"fgCRN",508,54
0.532571700213011,0.951812318228185,8,96.1543210955521,"fgCRN",509,54
0.528803190689068,0.473730633719824,22,16.7630546142402,"fgCRN",510,54
0.528803190689068,0.473730633719824,42,18.421360825234,"fgCRN",511,54
0.528803190689068,0.473730633719824,45,32.8381871401797,"fgCRN",512,54
0.625069394970778,0.456814425147604,29,33.5972063902302,"fgCRN",513,54
0.464056896127295,0.369960773715284,52,16.2041432178854,"fgCRN",514,54
0.233993511069566,0.108121315238532,49,38.6009028776568,"fgCRN",515,54
0.58333520805696,0.438648075503297,53,12.2069611693533,"fgCRN",516,54
0.452779660294764,0.237875405077357,33,48.5048736961269,"fgCRN",517,55
0.633817163517233,0.401693109145854,46,38.0750951579524,"fgCRN",518,55
0.528803190689068,0.473730633719824,39,19.8344634561679,"fgCRN",519,55
0.528803190689068,0.473730633719824,53,34.6427310107213,"fgCRN",520,55
0.625069394970778,0.456814425147604,53,40.3012173366002,"fgCRN",521,55
0.464056896127295,0.369960773715284,54,24.5550502962121,"fgCRN",522,55
0.233993511069566,0.108121315238532,48,57.2812239207699,"fgCRN",523,55
0.854849896805827,0.81108806316508,40,48.9066599364403,"fgCRN",524,56
0.333728667080868,0.22934691370232,50,28.4639775822351,"fgCRN",525,56
0.528803190689068,0.473730633719824,11,28.0001768028364,"fgCRN",526,56
0.579815634603146,0.533270137268119,26,21.4367593974777,"fgCRN",527,56
0.625069394970778,0.456814425147604,30,30.7653205817045,"fgCRN",528,56
0.761411443257239,0.631933098623995,41,51.2289560755835,"fgCRN",529,56
0.464056896127295,0.369960773715284,53,38.3290857167398,"fgCRN",530,56
0.464056896127295,0.369960773715284,55,19.9831612282258,"fgCRN",531,56
0.233993511069566,0.108121315238532,16,31.2224532053203,"fgCRN",532,56
0.854849896805827,0.81108806316508,48,19.7606970655099,"fgCRN",533,57
0.761411443257239,0.631933098623995,39,38.1060271732792,"fgCRN",534,57
0.761411443257239,0.631933098623995,46,15.4076617175988,"fgCRN",535,57
0.464056896127295,0.369960773715284,56,24.0412187299189,"fgCRN",536,57
0.372678781289142,0.167621515295468,51,24.1988462207569,"fgCRN",537,57
0.58333520805696,0.438648075503297,55,13.0076139165483,"fgCRN",538,57
0.58333520805696,0.438648075503297,56,30.538078810327,"fgCRN",539,57
0.757968360839877,0.528316717150155,44,49.0676437519302,"fgCRN",540,57
0.333728667080868,0.22934691370232,55,29.7254766218481,"fgCRN",541,58
0.633817163517233,0.401693109145854,45,43.7593554353673,"fgCRN",542,58
0.528803190689068,0.473730633719824,23,19.2271466504219,"fgCRN",543,58
0.528803190689068,0.473730633719824,55,28.3218769305865,"fgCRN",544,58
0.923214921203908,0.991548316113185,56,45.7171675187844,"fgCRN",545,58
0.625069394970778,0.456814425147604,55,22.714543690101,"fgCRN",546,58
0.233993511069566,0.108121315238532,37,46.9741871395955,"fgCRN",547,58
0.233993511069566,0.108121315238532,56,26.5430716659799,"fgCRN",548,58
0.58333520805696,0.438648075503297,54,15.6442505175999,"fgCRN",549,58
0.58333520805696,0.438648075503297,57,12.7092388629393,"fgCRN",550,58
0.333728667080868,0.22934691370232,54,40.0402025691951,"fgCRN",551,59
0.333728667080868,0.22934691370232,56,27.3570089847933,"fgCRN",552,59
0.333728667080868,0.22934691370232,58,24.0245336650221,"fgCRN",553,59
0.528803190689068,0.473730633719824,8,20.3167979078329,"fgCRN",554,59
0.528803190689068,0.473730633719824,54,51.4731497823365,"fgCRN",555,59
0.528803190689068,0.473730633719824,57,32.5479083296249,"fgCRN",556,59
0.625069394970778,0.456814425147604,57,15.615427760981,"fgCRN",557,59
0.464056896127295,0.369960773715284,57,33.497746340627,"fgCRN",558,59
0.464056896127295,0.369960773715284,58,11.7990602075834,"fgCRN",559,59
0.528803190689068,0.473730633719824,58,17.7057914114267,"fgCRN",560,60
0.625069394970778,0.456814425147604,47,38.4842773605065,"fgCRN",561,60
0.761411443257239,0.631933098623995,26,37.1799211222061,"fgCRN",562,60
0.761411443257239,0.631933098623995,59,45.8305099640442,"fgCRN",563,60
0.464056896127295,0.369960773715284,59,14.7765535444997,"fgCRN",564,60
0.661091009634547,0.483332779845223,16,21.8219618687684,"fgCRN",565,60
0.284369311104529,0.0456217678776011,43,46.2546759744888,"fgCRN",566,60
0.58333520805696,0.438648075503297,59,31.1600785469085,"fgCRN",567,60
0.923214921203908,0.991548316113185,47,38.6326953307021,"fgCRN",568,61
0.625069394970778,0.456814425147604,49,31.9375938509791,"fgCRN",569,61
0.761411443257239,0.631933098623995,38,42.2347283314066,"fgCRN",570,61
0.761411443257239,0.631933098623995,42,38.3448397137511,"fgCRN",571,61
0.761411443257239,0.631933098623995,48,16.085784881302,"fgCRN",572,61
0.233993511069566,0.108121315238532,46,43.1255363002957,"fgCRN",573,61
0.58333520805696,0.438648075503297,58,35.4659228438838,"fgCRN",574,61
0.333728667080868,0.22934691370232,59,29.975402457269,"fgCRN",575,62
0.528803190689068,0.473730633719824,32,21.5236457583903,"fgCRN",576,62
0.761411443257239,0.631933098623995,51,55.7425127059435,"fgCRN",577,62
0.464056896127295,0.369960773715284,60,14.6439593196121,"fgCRN",578,62
0.233993511069566,0.108121315238532,30,26.9739514978051,"fgCRN",579,62
0.233993511069566,0.108121315238532,39,25.9355637175392,"fgCRN",580,62
0.661091009634547,0.483332779845223,57,17.9341479687867,"fgCRN",581,62
0.649284832263365,0.66230466414243,46,32.6884483184098,"fgCRN",582,62
0.333728667080868,0.22934691370232,53,36.8873049615546,"fgCRN",583,63
0.333728667080868,0.22934691370232,60,20.3934079817207,"fgCRN",584,63
0.528803190689068,0.473730633719824,29,18.4584092295931,"fgCRN",585,63
0.372678781289142,0.167621515295468,60,43.7626360818414,"fgCRN",586,63
0.233993511069566,0.108121315238532,53,39.0556850490868,"fgCRN",587,63
0.233993511069566,0.108121315238532,57,40.5853214454645,"fgCRN",588,63
0.661091009634547,0.483332779845223,55,20.6843318518732,"fgCRN",589,63
0.58333520805696,0.438648075503297,60,57.7625731030496,"fgCRN",590,63
0.353744868645445,0.286314202283975,49,31.9051813042867,"fgCRN",591,64
0.854849896805827,0.81108806316508,36,25.1059142572636,"fgCRN",592,64
0.625069394970778,0.456814425147604,58,41.6969263059801,"fgCRN",593,64
0.625069394970778,0.456814425147604,61,28.9957320177906,"fgCRN",594,64
0.464056896127295,0.369960773715284,61,26.545123174633,"fgCRN",595,64
0.661091009634547,0.483332779845223,48,16.3101134876554,"fgCRN",596,64
0.649284832263365,0.66230466414243,27,59.5669188541944,"fgCRN",597,64
0.741771945357323,0.79493318728637,53,37.5280752989487,"fgCRN",598,64
0.889937492262106,0.973574057451915,53,40.0466312349407,"fgCRN",599,64
0.889937492262106,0.973574057451915,54,44.9760112077362,"fgCRN",600,64
0.84119491497986,0.835311350505799,48,21.7628987585808,"fgCRN",601,65
0.84119491497986,0.835311350505799,57,25.74455628318,"fgCRN",602,65
0.854849896805827,0.81108806316508,32,47.9238256956488,"fgCRN",603,65
0.854849896805827,0.81108806316508,45,33.748047248238,"fgCRN",604,65
0.854849896805827,0.81108806316508,50,23.0541764004909,"fgCRN",605,65
0.333728667080868,0.22934691370232,57,30.0141880641225,"fgCRN",606,65
0.464056896127295,0.369960773715284,62,16.874317001213,"fgCRN",607,65
0.389810180847999,0.202828839558642,39,23.0739233897068,"fgCRN",608,65
0.820644575387705,0.837547056216281,46,28.1402076596587,"fgCRN",609,66
0.528803190689068,0.473730633719824,62,21.6216338306093,"fgCRN",610,66
0.464056896127295,0.369960773715284,63,18.6852512389153,"fgCRN",611,66
0.233993511069566,0.108121315238532,62,40.9159970168294,"fgCRN",612,66
0.661091009634547,0.483332779845223,38,36.2241372404076,"fgCRN",613,66
0.661091009634547,0.483332779845223,62,55.2601408640698,"fgCRN",614,66
0.741771945357323,0.79493318728637,48,37.3010232652358,"fgCRN",615,66
0.854849896805827,0.81108806316508,43,57.9654215805415,"fgCRN",616,67
0.333728667080868,0.22934691370232,61,24.4675982952278,"fgCRN",617,67
0.452779660294764,0.237875405077357,42,31.15848977644,"fgCRN",618,67
0.625069394970778,0.456814425147604,54,12.3344482593015,"fgCRN",619,67
0.625069394970778,0.456814425147604,63,15.9345816101054,"fgCRN",620,67
0.372678781289142,0.167621515295468,42,31.7090735679025,"fgCRN",621,67
0.233993511069566,0.108121315238532,17,35.8727122636206,"fgCRN",622,67
0.389810180847999,0.202828839558642,43,35.1121259131174,"fgCRN",623,67
0.58333520805696,0.438648075503297,63,13.4800916646412,"fgCRN",624,67
0.712576212608255,0.110464608869515,17,164.214722992565,"fgCRN",625,68
0.333728667080868,0.22934691370232,63,29.5519344829263,"fgCRN",626,68
0.820644575387705,0.837547056216281,47,44.3513202053828,"fgCRN",627,68
0.528803190689068,0.473730633719824,59,19.5265749355301,"fgCRN",628,68
0.761411443257239,0.631933098623995,52,30.0108891128959,"fgCRN",629,68
0.761411443257239,0.631933098623995,60,64.2257774966524,"fgCRN",630,68
0.464056896127295,0.369960773715284,64,17.7836280253095,"fgCRN",631,68
0.661091009634547,0.483332779845223,54,17.2661174524323,"fgCRN",632,68
0.661091009634547,0.483332779845223,63,22.2401385421997,"fgCRN",633,68
0.84119491497986,0.835311350505799,51,40.9914262950555,"fgCRN",634,69
0.333728667080868,0.22934691370232,62,23.1067261220452,"fgCRN",635,69
0.528803190689068,0.473730633719824,25,31.9340285309859,"fgCRN",636,69
0.528803190689068,0.473730633719824,61,29.4228307662099,"fgCRN",637,69
0.528803190689068,0.473730633719824,63,39.7906651075723,"fgCRN",638,69
0.625069394970778,0.456814425147604,9,20.0516659390359,"fgCRN",639,69
0.464056896127295,0.369960773715284,65,12.2421929052238,"fgCRN",640,69
0.233993511069566,0.108121315238532,52,18.0801296762194,"fgCRN",641,69
0.58333520805696,0.438648075503297,65,36.4411909251002,"fgCRN",642,69
0.889937492262106,0.973574057451915,60,52.0218918122243,"fgCRN",643,69
0.333728667080868,0.22934691370232,65,17.8411583338378,"fgCRN",644,70
0.625069394970778,0.456814425147604,48,13.8892365193019,"fgCRN",645,70
0.464056896127295,0.369960773715284,66,13.4259981283543,"fgCRN",646,70
0.389810180847999,0.202828839558642,52,18.3151725231966,"fgCRN",647,70
0.389810180847999,0.202828839558642,65,26.0982530427074,"fgCRN",648,70
0.661091009634547,0.483332779845223,7,29.3087017795057,"fgCRN",649,70
0.58333520805696,0.438648075503297,64,38.9523700012319,"fgCRN",650,70
0.58333520805696,0.438648075503297,66,25.5627746057535,"fgCRN",651,70
0.528803190689068,0.473730633719824,49,20.2357393864136,"fgCRN",652,71
0.761411443257239,0.631933098623995,63,24.6843438576594,"fgCRN",653,71
0.464056896127295,0.369960773715284,67,15.6897519684565,"fgCRN",654,71
0.233993511069566,0.108121315238532,26,46.8443810889199,"fgCRN",655,71
0.233993511069566,0.108121315238532,51,38.322756468792,"fgCRN",656,71
0.233993511069566,0.108121315238532,65,28.950794718824,"fgCRN",657,71
0.389810180847999,0.202828839558642,58,25.6484226446465,"fgCRN",658,71
0.58333520805696,0.438648075503297,67,25.782602162261,"fgCRN",659,71
0.854849896805827,0.81108806316508,60,50.0554148365134,"fgCRN",660,72
0.333728667080868,0.22934691370232,38,34.816207674468,"fgCRN",661,72
0.333728667080868,0.22934691370232,64,13.6072927447595,"fgCRN",662,72
0.820644575387705,0.837547056216281,65,39.3635002065981,"fgCRN",663,72
0.528803190689068,0.473730633719824,66,19.4819032554688,"fgCRN",664,72
0.625069394970778,0.456814425147604,65,42.9019143794976,"fgCRN",665,72
0.625069394970778,0.456814425147604,68,18.3960822346542,"fgCRN",666,72
0.464056896127295,0.369960773715284,68,32.0618214710207,"fgCRN",667,72
0.807845462299883,0.964183216358069,66,46.6987395678697,"fgCRN",668,72
0.389810180847999,0.202828839558642,62,20.3965634845725,"fgCRN",669,72
0.333728667080868,0.22934691370232,66,14.4917183587765,"fgCRN",670,73
0.333728667080868,0.22934691370232,67,24.2756448048877,"fgCRN",671,73
0.579815634603146,0.533270137268119,44,24.8506429583933,"fgCRN",672,73
0.761411443257239,0.631933098623995,54,16.284293592962,"fgCRN",673,73
0.464056896127295,0.369960773715284,69,16.1171454121883,"fgCRN",674,73
0.372678781289142,0.167621515295468,64,24.4955037296704,"fgCRN",675,73
0.890771516691893,0.753636968098581,53,59.5873599461038,"fgCRN",676,73
0.389810180847999,0.202828839558642,64,34.0263439001007,"fgCRN",677,73
0.889937492262106,0.973574057451915,68,45.084519087888,"fgCRN",678,73
0.84119491497986,0.835311350505799,38,37.1048821211943,"fgCRN",679,74
0.333728667080868,0.22934691370232,69,11.0811587484306,"fgCRN",680,74
0.528803190689068,0.473730633719824,44,32.314512572098,"fgCRN",681,74
0.464056896127295,0.369960773715284,70,32.2599282438295,"fgCRN",682,74
0.389810180847999,0.202828839558642,66,25.1779803214894,"fgCRN",683,74
0.661091009634547,0.483332779845223,40,43.3265290418224,"fgCRN",684,74
0.58333520805696,0.438648075503297,68,22.1428753935226,"fgCRN",685,74
0.58333520805696,0.438648075503297,69,36.2787612088876,"fgCRN",686,74
0.741771945357323,0.79493318728637,54,53.7410365540244,"fgCRN",687,74
0.84119491497986,0.835311350505799,62,32.1947969475667,"fgCRN",688,75
0.353744868645445,0.286314202283975,65,24.7005832295755,"fgCRN",689,75
0.820644575387705,0.837547056216281,63,27.1442789771274,"fgCRN",690,75
0.528803190689068,0.473730633719824,34,24.9922760345299,"fgCRN",691,75
0.625069394970778,0.456814425147604,39,31.1548352968883,"fgCRN",692,75
0.625069394970778,0.456814425147604,70,45.0794677856958,"fgCRN",693,75
0.761411443257239,0.631933098623995,40,44.0937345406643,"fgCRN",694,75
0.464056896127295,0.369960773715284,71,28.7157458445004,"fgCRN",695,75
0.58333520805696,0.438648075503297,70,29.444191210485,"fgCRN",696,75
0.757968360839877,0.528316717150155,46,44.7297716878538,"fgCRN",697,75
0.84119491497986,0.835311350505799,41,30.8931406401787,"fgCRN",698,76
0.854849896805827,0.81108806316508,55,21.0856339813637,"fgCRN",699,76
0.333728667080868,0.22934691370232,70,15.1186724756423,"fgCRN",700,76
0.923214921203908,0.991548316113185,39,35.7408161713476,"fgCRN",701,76
0.761411443257239,0.631933098623995,61,34.5424118703628,"fgCRN",702,76
0.761411443257239,0.631933098623995,71,73.2740684615703,"fgCRN",703,76
0.464056896127295,0.369960773715284,72,15.8254713849053,"fgCRN",704,76
0.233993511069566,0.108121315238532,70,16.4975245667853,"fgCRN",705,76
0.58333520805696,0.438648075503297,62,16.5559357905553,"fgCRN",706,76
